PID,TIMELINE,VIDEO,SUS
149508537, Timeline 3 (Event Blocks), VIRAT_S_0002,80
149508537, Timeline 2 (Density Graph), VIRAT_S_0100,75
149508537, Timeline 1 (Base Interface), VIRAT_S_0102,82.5
149508537, Timeline 5 (Event Thumbnails), VIRAT_S_0400,75
149508537, Timeline 4 (Density Graph + Event Blocks), VIRAT_S_0500,82.5
149466211, Timeline 1 (Base Interface), VIRAT_S_0002,47.5
149466211, Timeline 4 (Density Graph + Event Blocks), VIRAT_S_0100,57.5
149466211, Timeline 5 (Event Thumbnails), VIRAT_S_0102,70
149466211, Timeline 3 (Event Blocks), VIRAT_S_0400,65
149466211, Timeline 2 (Density Graph), VIRAT_S_0500,60
149439530, Timeline 4 (Density Graph + Event Blocks), VIRAT_S_0002,75
149439530, Timeline 1 (Base Interface), VIRAT_S_0100,75
149439530, Timeline 2 (Density Graph), VIRAT_S_0102,45
149439530, Timeline 5 (Event Thumbnails), VIRAT_S_0400,75
149439530, Timeline 3 (Event Blocks), VIRAT_S_0500,75
149353591, Timeline 5 (Event Thumbnails), VIRAT_S_0002,82.5
149353591, Timeline 2 (Density Graph), VIRAT_S_0100,55
149353591, Timeline 3 (Event Blocks), VIRAT_S_0102,87.5
149353591, Timeline 4 (Density Graph + Event Blocks), VIRAT_S_0400,77.5
149353591, Timeline 1 (Base Interface), VIRAT_S_0500,47.5
149215102, Timeline 3 (Event Blocks), VIRAT_S_0002,70
149215102, Timeline 2 (Density Graph), VIRAT_S_0100,30
149215102, Timeline 4 (Density Graph + Event Blocks), VIRAT_S_0102,77.5
149215102, Timeline 5 (Event Thumbnails), VIRAT_S_0400,75
149215102, Timeline 1 (Base Interface), VIRAT_S_0500,42.5
149185311, Timeline 4 (Density Graph + Event Blocks), VIRAT_S_0002,87.5
149185311, Timeline 3 (Event Blocks), VIRAT_S_0100,92.5
149185311, Timeline 1 (Base Interface), VIRAT_S_0102,90
149185311, Timeline 2 (Density Graph), VIRAT_S_0400,90
149185311, Timeline 5 (Event Thumbnails), VIRAT_S_0500,97.5
149140946, Timeline 1 (Base Interface), VIRAT_S_0002,62.5
149140946, Timeline 3 (Event Blocks), VIRAT_S_0100,70
149140946, Timeline 5 (Event Thumbnails), VIRAT_S_0102,75
149140946, Timeline 4 (Density Graph + Event Blocks), VIRAT_S_0400,70
149140946, Timeline 2 (Density Graph), VIRAT_S_0500,77.5
149094645, Timeline 5 (Event Thumbnails), VIRAT_S_0002,52.5
149094645, Timeline 1 (Base Interface), VIRAT_S_0100,45
149094645, Timeline 3 (Event Blocks), VIRAT_S_0102,67.5
149094645, Timeline 2 (Density Graph), VIRAT_S_0400,60
149094645, Timeline 4 (Density Graph + Event Blocks), VIRAT_S_0500,60
148958404, Timeline 4 (Density Graph + Event Blocks), VIRAT_S_0002,50
148958404, Timeline 1 (Base Interface), VIRAT_S_0100,30
148958404, Timeline 3 (Event Blocks), VIRAT_S_0102,70
148958404, Timeline 5 (Event Thumbnails), VIRAT_S_0400,77.5
148958404, Timeline 2 (Density Graph), VIRAT_S_0500,45
148904494, Timeline 2 (Density Graph), VIRAT_S_0002,77.5
148904494, Timeline 1 (Base Interface), VIRAT_S_0100,77.5
148904494, Timeline 4 (Density Graph + Event Blocks), VIRAT_S_0102,62.5
148904494, Timeline 3 (Event Blocks), VIRAT_S_0400,82.5
148904494, Timeline 5 (Event Thumbnails), VIRAT_S_0500,90
148822625, Timeline 5 (Event Thumbnails), VIRAT_S_0002,50
148822625, Timeline 1 (Base Interface), VIRAT_S_0100,72.5
148822625, Timeline 2 (Density Graph), VIRAT_S_0102,72.5
148822625, Timeline 4 (Density Graph + Event Blocks), VIRAT_S_0400,95
148822625, Timeline 3 (Event Blocks), VIRAT_S_0500,92.5
148796085, Timeline 5 (Event Thumbnails), VIRAT_S_0002,40
148796085, Timeline 1 (Base Interface), VIRAT_S_0100,40
148796085, Timeline 3 (Event Blocks), VIRAT_S_0102,32.5
148796085, Timeline 4 (Density Graph + Event Blocks), VIRAT_S_0400,25
148796085, Timeline 2 (Density Graph), VIRAT_S_0500,47.5
148786365, Timeline 4 (Density Graph + Event Blocks), VIRAT_S_0002,72.5
148786365, Timeline 2 (Density Graph), VIRAT_S_0100,55
148786365, Timeline 3 (Event Blocks), VIRAT_S_0102,77.5
148786365, Timeline 1 (Base Interface), VIRAT_S_0400,60
148786365, Timeline 5 (Event Thumbnails), VIRAT_S_0500,100
148784892, Timeline 1 (Base Interface), VIRAT_S_0002,32.5
148784892, Timeline 4 (Density Graph + Event Blocks), VIRAT_S_0100,60
148784892, Timeline 5 (Event Thumbnails), VIRAT_S_0102,70
148784892, Timeline 3 (Event Blocks), VIRAT_S_0400,72.5
148784892, Timeline 2 (Density Graph), VIRAT_S_0500,55
148768751, Timeline 4 (Density Graph + Event Blocks), VIRAT_S_0002,62.5
148768751, Timeline 2 (Density Graph), VIRAT_S_0100,82.5
148768751, Timeline 5 (Event Thumbnails), VIRAT_S_0102,100
148768751, Timeline 3 (Event Blocks), VIRAT_S_0400,70
148768751, Timeline 1 (Base Interface), VIRAT_S_0500,82.5
148743058, Timeline 2 (Density Graph), VIRAT_S_0002,35
148743058, Timeline 3 (Event Blocks), VIRAT_S_0100,15
148743058, Timeline 4 (Density Graph + Event Blocks), VIRAT_S_0102,35
148743058, Timeline 5 (Event Thumbnails), VIRAT_S_0400,50
148743058, Timeline 1 (Base Interface), VIRAT_S_0500,47.5
148558714, Timeline 4 (Density Graph + Event Blocks), VIRAT_S_0002,67.5
148558714, Timeline 1 (Base Interface), VIRAT_S_0100,57.5
148558714, Timeline 2 (Density Graph), VIRAT_S_0102,60
148558714, Timeline 5 (Event Thumbnails), VIRAT_S_0400,82.5
148558714, Timeline 3 (Event Blocks), VIRAT_S_0500,80
148552210, Timeline 1 (Base Interface), VIRAT_S_0002,67.5
148552210, Timeline 3 (Event Blocks), VIRAT_S_0100,37.5
148552210, Timeline 4 (Density Graph + Event Blocks), VIRAT_S_0102,67.5
148552210, Timeline 2 (Density Graph), VIRAT_S_0400,70
148552210, Timeline 5 (Event Thumbnails), VIRAT_S_0500,35
148551719, Timeline 4 (Density Graph + Event Blocks), VIRAT_S_0002,50
148551719, Timeline 1 (Base Interface), VIRAT_S_0100,45
148551719, Timeline 5 (Event Thumbnails), VIRAT_S_0102,90
148551719, Timeline 2 (Density Graph), VIRAT_S_0400,67.5
148551719, Timeline 3 (Event Blocks), VIRAT_S_0500,95
148547931, Timeline 2 (Density Graph), VIRAT_S_0002,80
148547931, Timeline 5 (Event Thumbnails), VIRAT_S_0100,85
148547931, Timeline 1 (Base Interface), VIRAT_S_0102,77.5
148547931, Timeline 4 (Density Graph + Event Blocks), VIRAT_S_0400,40
148547931, Timeline 3 (Event Blocks), VIRAT_S_0500,67.5
148516311, Timeline 3 (Event Blocks), VIRAT_S_0002,67.5
148516311, Timeline 2 (Density Graph), VIRAT_S_0100,57.5
148516311, Timeline 5 (Event Thumbnails), VIRAT_S_0102,75
148516311, Timeline 1 (Base Interface), VIRAT_S_0400,60
148516311, Timeline 4 (Density Graph + Event Blocks), VIRAT_S_0500,57.5
148463769, Timeline 3 (Event Blocks), VIRAT_S_0002,55
148463769, Timeline 4 (Density Graph + Event Blocks), VIRAT_S_0100,52.5
148463769, Timeline 2 (Density Graph), VIRAT_S_0102,45
148463769, Timeline 5 (Event Thumbnails), VIRAT_S_0400,75
148463769, Timeline 1 (Base Interface), VIRAT_S_0500,52.5
148457705, Timeline 2 (Density Graph), VIRAT_S_0002,67.5
148457705, Timeline 5 (Event Thumbnails), VIRAT_S_0100,62.5
148457705, Timeline 1 (Base Interface), VIRAT_S_0102,55
148457705, Timeline 3 (Event Blocks), VIRAT_S_0400,80
148457705, Timeline 4 (Density Graph + Event Blocks), VIRAT_S_0500,77.5
148379134, Timeline 2 (Density Graph), VIRAT_S_0002,20
148379134, Timeline 5 (Event Thumbnails), VIRAT_S_0100,40
148379134, Timeline 4 (Density Graph + Event Blocks), VIRAT_S_0102,72.5
148379134, Timeline 1 (Base Interface), VIRAT_S_0400,40
148379134, Timeline 3 (Event Blocks), VIRAT_S_0500,67.5
148355343, Timeline 4 (Density Graph + Event Blocks), VIRAT_S_0002,75
148355343, Timeline 5 (Event Thumbnails), VIRAT_S_0100,75
148355343, Timeline 1 (Base Interface), VIRAT_S_0102,75
148355343, Timeline 2 (Density Graph), VIRAT_S_0400,72.5
148355343, Timeline 3 (Event Blocks), VIRAT_S_0500,70
148250834, Timeline 3 (Event Blocks), VIRAT_S_0002,82.5
148250834, Timeline 1 (Base Interface), VIRAT_S_0100,72.5
148250834, Timeline 2 (Density Graph), VIRAT_S_0102,75
148250834, Timeline 4 (Density Graph + Event Blocks), VIRAT_S_0400,80
148250834, Timeline 5 (Event Thumbnails), VIRAT_S_0500,87.5
148242096, Timeline 2 (Density Graph), VIRAT_S_0002,47.5
148242096, Timeline 3 (Event Blocks), VIRAT_S_0100,75
148242096, Timeline 4 (Density Graph + Event Blocks), VIRAT_S_0102,75
148242096, Timeline 1 (Base Interface), VIRAT_S_0400,75
148242096, Timeline 5 (Event Thumbnails), VIRAT_S_0500,75
148225108, Timeline 4 (Density Graph + Event Blocks), VIRAT_S_0002,47.5
148225108, Timeline 3 (Event Blocks), VIRAT_S_0100,47.5
148225108, Timeline 5 (Event Thumbnails), VIRAT_S_0102,55
148225108, Timeline 1 (Base Interface), VIRAT_S_0400,55
148225108, Timeline 2 (Density Graph), VIRAT_S_0500,57.5
148191331, Timeline 3 (Event Blocks), VIRAT_S_0002,25
148191331, Timeline 2 (Density Graph), VIRAT_S_0100,57.5
148191331, Timeline 1 (Base Interface), VIRAT_S_0102,62.5
148191331, Timeline 4 (Density Graph + Event Blocks), VIRAT_S_0400,67.5
148191331, Timeline 5 (Event Thumbnails), VIRAT_S_0500,97.5
148121549, Timeline 2 (Density Graph), VIRAT_S_0002,60
148121549, Timeline 3 (Event Blocks), VIRAT_S_0100,47.5
148121549, Timeline 4 (Density Graph + Event Blocks), VIRAT_S_0102,40
148121549, Timeline 5 (Event Thumbnails), VIRAT_S_0400,47.5
148121549, Timeline 1 (Base Interface), VIRAT_S_0500,52.5
148121544, Timeline 4 (Density Graph + Event Blocks), VIRAT_S_0002,45
148121544, Timeline 2 (Density Graph), VIRAT_S_0100,52.5
148121544, Timeline 3 (Event Blocks), VIRAT_S_0102,52.5
148121544, Timeline 5 (Event Thumbnails), VIRAT_S_0400,45
148121544, Timeline 1 (Base Interface), VIRAT_S_0500,47.5
148121371, Timeline 1 (Base Interface), VIRAT_S_0002,47.5
148121371, Timeline 2 (Density Graph), VIRAT_S_0100,52.5
148121371, Timeline 4 (Density Graph + Event Blocks), VIRAT_S_0102,52.5
148121371, Timeline 5 (Event Thumbnails), VIRAT_S_0400,47.5
148121371, Timeline 3 (Event Blocks), VIRAT_S_0500,52.5
148121369, Timeline 5 (Event Thumbnails), VIRAT_S_0002,45
148121369, Timeline 1 (Base Interface), VIRAT_S_0100,42.5
148121369, Timeline 3 (Event Blocks), VIRAT_S_0102,50
148121369, Timeline 4 (Density Graph + Event Blocks), VIRAT_S_0400,50
148121369, Timeline 2 (Density Graph), VIRAT_S_0500,47.5
148088832, Timeline 5 (Event Thumbnails), VIRAT_S_0002,65
148088832, Timeline 1 (Base Interface), VIRAT_S_0100,52.5
148088832, Timeline 2 (Density Graph), VIRAT_S_0102,55
148088832, Timeline 4 (Density Graph + Event Blocks), VIRAT_S_0400,82.5
148088832, Timeline 3 (Event Blocks), VIRAT_S_0500,75
148087855, Timeline 5 (Event Thumbnails), VIRAT_S_0002,100
148087855, Timeline 2 (Density Graph), VIRAT_S_0100,100
148087855, Timeline 4 (Density Graph + Event Blocks), VIRAT_S_0102,100
148087855, Timeline 3 (Event Blocks), VIRAT_S_0400,100
148087855, Timeline 1 (Base Interface), VIRAT_S_0500,92.5
148072624, Timeline 1 (Base Interface), VIRAT_S_0002,75
148072624, Timeline 5 (Event Thumbnails), VIRAT_S_0100,75
148072624, Timeline 4 (Density Graph + Event Blocks), VIRAT_S_0102,77.5
148072624, Timeline 2 (Density Graph), VIRAT_S_0400,72.5
148072624, Timeline 3 (Event Blocks), VIRAT_S_0500,75
148063804, Timeline 2 (Density Graph), VIRAT_S_0002,52.5
148063804, Timeline 3 (Event Blocks), VIRAT_S_0100,55
148063804, Timeline 4 (Density Graph + Event Blocks), VIRAT_S_0102,45
148063804, Timeline 5 (Event Thumbnails), VIRAT_S_0400,55
148063804, Timeline 1 (Base Interface), VIRAT_S_0500,55
148063806, Timeline 4 (Density Graph + Event Blocks), VIRAT_S_0002,55
148063806, Timeline 3 (Event Blocks), VIRAT_S_0100,47.5
148063806, Timeline 1 (Base Interface), VIRAT_S_0102,52.5
148063806, Timeline 5 (Event Thumbnails), VIRAT_S_0400,50
148063806, Timeline 2 (Density Graph), VIRAT_S_0500,50
148063807, Timeline 1 (Base Interface), VIRAT_S_0002,52.5
148063807, Timeline 5 (Event Thumbnails), VIRAT_S_0100,50
148063807, Timeline 4 (Density Graph + Event Blocks), VIRAT_S_0102,52.5
148063807, Timeline 3 (Event Blocks), VIRAT_S_0400,52.5
148063807, Timeline 2 (Density Graph), VIRAT_S_0500,52.5
148063808, Timeline 3 (Event Blocks), VIRAT_S_0002,52.5
148063808, Timeline 2 (Density Graph), VIRAT_S_0100,50
148063808, Timeline 4 (Density Graph + Event Blocks), VIRAT_S_0102,55
148063808, Timeline 5 (Event Thumbnails), VIRAT_S_0400,55
148063808, Timeline 1 (Base Interface), VIRAT_S_0500,52.5
148063802, Timeline 4 (Density Graph + Event Blocks), VIRAT_S_0002,52.5
148063802, Timeline 2 (Density Graph), VIRAT_S_0100,52.5
148063802, Timeline 5 (Event Thumbnails), VIRAT_S_0102,50
148063802, Timeline 3 (Event Blocks), VIRAT_S_0400,52.5
148063802, Timeline 1 (Base Interface), VIRAT_S_0500,52.5
148060312, Timeline 2 (Density Graph), VIRAT_S_0002,30
148060312, Timeline 5 (Event Thumbnails), VIRAT_S_0100,55
148060312, Timeline 4 (Density Graph + Event Blocks), VIRAT_S_0102,75
148060312, Timeline 1 (Base Interface), VIRAT_S_0400,47.5
148060312, Timeline 3 (Event Blocks), VIRAT_S_0500,67.5
147916593, Timeline 5 (Event Thumbnails), VIRAT_S_0002,77.5
147916593, Timeline 3 (Event Blocks), VIRAT_S_0100,85
147916593, Timeline 1 (Base Interface), VIRAT_S_0102,70
147916593, Timeline 4 (Density Graph + Event Blocks), VIRAT_S_0400,80
147916593, Timeline 2 (Density Graph), VIRAT_S_0500,75
147914321, Timeline 2 (Density Graph), VIRAT_S_0002,60
147914321, Timeline 5 (Event Thumbnails), VIRAT_S_0100,75
147914321, Timeline 4 (Density Graph + Event Blocks), VIRAT_S_0102,60
147914321, Timeline 1 (Base Interface), VIRAT_S_0400,82.5
147914321, Timeline 3 (Event Blocks), VIRAT_S_0500,82.5
147906122, Timeline 3 (Event Blocks), VIRAT_S_0002,45
147906122, Timeline 2 (Density Graph), VIRAT_S_0100,35
147906122, Timeline 5 (Event Thumbnails), VIRAT_S_0102,67.5
147906122, Timeline 4 (Density Graph + Event Blocks), VIRAT_S_0400,65
147906122, Timeline 1 (Base Interface), VIRAT_S_0500,55
147842712, Timeline 4 (Density Graph + Event Blocks), VIRAT_S_0002,40
147842712, Timeline 5 (Event Thumbnails), VIRAT_S_0100,55
147842712, Timeline 3 (Event Blocks), VIRAT_S_0102,50
147842712, Timeline 1 (Base Interface), VIRAT_S_0400,77.5
147842712, Timeline 2 (Density Graph), VIRAT_S_0500,80
147753370, Timeline 1 (Base Interface), VIRAT_S_0002,65
147753370, Timeline 2 (Density Graph), VIRAT_S_0100,60
147753370, Timeline 3 (Event Blocks), VIRAT_S_0102,87.5
147753370, Timeline 4 (Density Graph + Event Blocks), VIRAT_S_0400,57.5
147753370, Timeline 5 (Event Thumbnails), VIRAT_S_0500,87.5
147752820, Timeline 1 (Base Interface), VIRAT_S_0002,35
147752820, Timeline 2 (Density Graph), VIRAT_S_0100,45
147752820, Timeline 5 (Event Thumbnails), VIRAT_S_0102,77.5
147752820, Timeline 3 (Event Blocks), VIRAT_S_0400,75
147752820, Timeline 4 (Density Graph + Event Blocks), VIRAT_S_0500,75
147653631, Timeline 1 (Base Interface), VIRAT_S_0002,80
147653631, Timeline 3 (Event Blocks), VIRAT_S_0100,82.5
147653631, Timeline 5 (Event Thumbnails), VIRAT_S_0102,100
147653631, Timeline 2 (Density Graph), VIRAT_S_0400,80
147653631, Timeline 4 (Density Graph + Event Blocks), VIRAT_S_0500,100
147558243, Timeline 2 (Density Graph), VIRAT_S_0002,32.5
147558243, Timeline 5 (Event Thumbnails), VIRAT_S_0100,72.5
147558243, Timeline 3 (Event Blocks), VIRAT_S_0102,45
147558243, Timeline 1 (Base Interface), VIRAT_S_0400,80
147558243, Timeline 4 (Density Graph + Event Blocks), VIRAT_S_0500,67.5
147494993, Timeline 4 (Density Graph + Event Blocks), VIRAT_S_0002,45
147494993, Timeline 1 (Base Interface), VIRAT_S_0100,50
147494993, Timeline 3 (Event Blocks), VIRAT_S_0102,47.5
147494993, Timeline 2 (Density Graph), VIRAT_S_0400,47.5
147494993, Timeline 5 (Event Thumbnails), VIRAT_S_0500,45
147430481, Timeline 3 (Event Blocks), VIRAT_S_0002,72.5
147430481, Timeline 4 (Density Graph + Event Blocks), VIRAT_S_0100,57.5
147430481, Timeline 1 (Base Interface), VIRAT_S_0102,77.5
147430481, Timeline 2 (Density Graph), VIRAT_S_0400,52.5
147430481, Timeline 5 (Event Thumbnails), VIRAT_S_0500,45
147340531, Timeline 5 (Event Thumbnails), VIRAT_S_0002,65
147340531, Timeline 1 (Base Interface), VIRAT_S_0100,60
147340531, Timeline 3 (Event Blocks), VIRAT_S_0102,67.5
147340531, Timeline 4 (Density Graph + Event Blocks), VIRAT_S_0400,67.5
147340531, Timeline 2 (Density Graph), VIRAT_S_0500,70
147328880, Timeline 2 (Density Graph), VIRAT_S_0002,77.5
147328880, Timeline 3 (Event Blocks), VIRAT_S_0100,82.5
147328880, Timeline 1 (Base Interface), VIRAT_S_0102,60
147328880, Timeline 5 (Event Thumbnails), VIRAT_S_0400,77.5
147328880, Timeline 4 (Density Graph + Event Blocks), VIRAT_S_0500,77.5
147308681, Timeline 1 (Base Interface), VIRAT_S_0002,65
147308681, Timeline 3 (Event Blocks), VIRAT_S_0100,65
147308681, Timeline 5 (Event Thumbnails), VIRAT_S_0102,70
147308681, Timeline 4 (Density Graph + Event Blocks), VIRAT_S_0400,72.5
147308681, Timeline 2 (Density Graph), VIRAT_S_0500,57.5
147307347, Timeline 2 (Density Graph), VIRAT_S_0002,50
147307347, Timeline 3 (Event Blocks), VIRAT_S_0100,50
147307347, Timeline 4 (Density Graph + Event Blocks), VIRAT_S_0102,42.5
147307347, Timeline 5 (Event Thumbnails), VIRAT_S_0400,42.5
147307347, Timeline 1 (Base Interface), VIRAT_S_0500,25
147183355, Timeline 1 (Base Interface), VIRAT_S_0002,50
147183355, Timeline 3 (Event Blocks), VIRAT_S_0100,95
147183355, Timeline 2 (Density Graph), VIRAT_S_0102,55
147183355, Timeline 5 (Event Thumbnails), VIRAT_S_0400,100
147183355, Timeline 4 (Density Graph + Event Blocks), VIRAT_S_0500,97.5
147051997, Timeline 4 (Density Graph + Event Blocks), VIRAT_S_0002,60
147051997, Timeline 5 (Event Thumbnails), VIRAT_S_0100,70
147051997, Timeline 2 (Density Graph), VIRAT_S_0102,80
147051997, Timeline 3 (Event Blocks), VIRAT_S_0400,82.5
147051997, Timeline 1 (Base Interface), VIRAT_S_0500,55
147004721, Timeline 1 (Base Interface), VIRAT_S_0002,50
147004721, Timeline 5 (Event Thumbnails), VIRAT_S_0100,50
147004721, Timeline 3 (Event Blocks), VIRAT_S_0102,50
147004721, Timeline 4 (Density Graph + Event Blocks), VIRAT_S_0400,50
147004721, Timeline 2 (Density Graph), VIRAT_S_0500,50
147001785, Timeline 2 (Density Graph), VIRAT_S_0002,40
147001785, Timeline 3 (Event Blocks), VIRAT_S_0100,62.5
147001785, Timeline 4 (Density Graph + Event Blocks), VIRAT_S_0102,70
147001785, Timeline 5 (Event Thumbnails), VIRAT_S_0400,70
147001785, Timeline 1 (Base Interface), VIRAT_S_0500,75
146975491, Timeline 3 (Event Blocks), VIRAT_S_0002,67.5
146975491, Timeline 2 (Density Graph), VIRAT_S_0100,70
146975491, Timeline 5 (Event Thumbnails), VIRAT_S_0102,32.5
146975491, Timeline 4 (Density Graph + Event Blocks), VIRAT_S_0400,72.5
146975491, Timeline 1 (Base Interface), VIRAT_S_0500,67.5
146972571, Timeline 2 (Density Graph), VIRAT_S_0002,30
146972571, Timeline 5 (Event Thumbnails), VIRAT_S_0100,90
146972571, Timeline 3 (Event Blocks), VIRAT_S_0102,65
146972571, Timeline 4 (Density Graph + Event Blocks), VIRAT_S_0400,100
146972571, Timeline 1 (Base Interface), VIRAT_S_0500,2.5
146948076, Timeline 2 (Density Graph), VIRAT_S_0002,60
146948076, Timeline 4 (Density Graph + Event Blocks), VIRAT_S_0100,70
146948076, Timeline 5 (Event Thumbnails), VIRAT_S_0102,97.5
146948076, Timeline 1 (Base Interface), VIRAT_S_0400,65
146948076, Timeline 3 (Event Blocks), VIRAT_S_0500,67.5
146944030, Timeline 2 (Density Graph), VIRAT_S_0002,67.5
146944030, Timeline 5 (Event Thumbnails), VIRAT_S_0100,47.5
146944030, Timeline 3 (Event Blocks), VIRAT_S_0102,75
146944030, Timeline 4 (Density Graph + Event Blocks), VIRAT_S_0400,75
146944030, Timeline 1 (Base Interface), VIRAT_S_0500,67.5
146941069, Timeline 4 (Density Graph + Event Blocks), VIRAT_S_0002,75
146941069, Timeline 1 (Base Interface), VIRAT_S_0100,55
146941069, Timeline 3 (Event Blocks), VIRAT_S_0102,72.5
146941069, Timeline 5 (Event Thumbnails), VIRAT_S_0400,87.5
146941069, Timeline 2 (Density Graph), VIRAT_S_0500,67.5
146933121, Timeline 2 (Density Graph), VIRAT_S_0002,87.5
146933121, Timeline 5 (Event Thumbnails), VIRAT_S_0100,95
146933121, Timeline 1 (Base Interface), VIRAT_S_0102,12.5
146933121, Timeline 3 (Event Blocks), VIRAT_S_0400,82.5
146933121, Timeline 4 (Density Graph + Event Blocks), VIRAT_S_0500,80
146919962, Timeline 4 (Density Graph + Event Blocks), VIRAT_S_0002,62.5
146919962, Timeline 1 (Base Interface), VIRAT_S_0100,60
146919962, Timeline 2 (Density Graph), VIRAT_S_0102,72.5
146919962, Timeline 5 (Event Thumbnails), VIRAT_S_0400,75
146919962, Timeline 3 (Event Blocks), VIRAT_S_0500,75
146859309, Timeline 3 (Event Blocks), VIRAT_S_0002,50
146859309, Timeline 5 (Event Thumbnails), VIRAT_S_0100,50
146859309, Timeline 2 (Density Graph), VIRAT_S_0102,50
146859309, Timeline 1 (Base Interface), VIRAT_S_0400,50
146859309, Timeline 4 (Density Graph + Event Blocks), VIRAT_S_0500,50
146816020, Timeline 5 (Event Thumbnails), VIRAT_S_0002,55
146816020, Timeline 3 (Event Blocks), VIRAT_S_0100,85
146816020, Timeline 4 (Density Graph + Event Blocks), VIRAT_S_0102,82.5
146816020, Timeline 1 (Base Interface), VIRAT_S_0400,65
146816020, Timeline 2 (Density Graph), VIRAT_S_0500,85
146772938, Timeline 2 (Density Graph), VIRAT_S_0002,80
146772938, Timeline 3 (Event Blocks), VIRAT_S_0100,80
146772938, Timeline 5 (Event Thumbnails), VIRAT_S_0102,67.5
146772938, Timeline 4 (Density Graph + Event Blocks), VIRAT_S_0400,77.5
146772938, Timeline 1 (Base Interface), VIRAT_S_0500,82.5
146771812, Timeline 5 (Event Thumbnails), VIRAT_S_0002,95
146771812, Timeline 4 (Density Graph + Event Blocks), VIRAT_S_0100,95
146771812, Timeline 1 (Base Interface), VIRAT_S_0102,95
146771812, Timeline 3 (Event Blocks), VIRAT_S_0400,95
146771812, Timeline 2 (Density Graph), VIRAT_S_0500,95
146559166, Timeline 3 (Event Blocks), VIRAT_S_0002,50
146559166, Timeline 5 (Event Thumbnails), VIRAT_S_0100,50
146559166, Timeline 2 (Density Graph), VIRAT_S_0102,50
146559166, Timeline 4 (Density Graph + Event Blocks), VIRAT_S_0400,50
146559166, Timeline 1 (Base Interface), VIRAT_S_0500,50
146511990, Timeline 3 (Event Blocks), VIRAT_S_0002,57.5
146511990, Timeline 2 (Density Graph), VIRAT_S_0100,57.5
146511990, Timeline 1 (Base Interface), VIRAT_S_0102,80
146511990, Timeline 5 (Event Thumbnails), VIRAT_S_0400,67.5
146511990, Timeline 4 (Density Graph + Event Blocks), VIRAT_S_0500,75
146490541, Timeline 3 (Event Blocks), VIRAT_S_0002,80
146490541, Timeline 4 (Density Graph + Event Blocks), VIRAT_S_0100,77.5
146490541, Timeline 1 (Base Interface), VIRAT_S_0102,47.5
146490541, Timeline 5 (Event Thumbnails), VIRAT_S_0400,87.5
146490541, Timeline 2 (Density Graph), VIRAT_S_0500,65
146445266, Timeline 3 (Event Blocks), VIRAT_S_0002,72.5
146445266, Timeline 2 (Density Graph), VIRAT_S_0100,72.5
146445266, Timeline 5 (Event Thumbnails), VIRAT_S_0102,70
146445266, Timeline 1 (Base Interface), VIRAT_S_0400,42.5
146445266, Timeline 4 (Density Graph + Event Blocks), VIRAT_S_0500,72.5
146411777, Timeline 1 (Base Interface), VIRAT_S_0002,60
146411777, Timeline 5 (Event Thumbnails), VIRAT_S_0100,75
146411777, Timeline 3 (Event Blocks), VIRAT_S_0102,75
146411777, Timeline 2 (Density Graph), VIRAT_S_0400,70
146411777, Timeline 4 (Density Graph + Event Blocks), VIRAT_S_0500,80
146400674, Timeline 5 (Event Thumbnails), VIRAT_S_0002,90
146400674, Timeline 2 (Density Graph), VIRAT_S_0100,20
146400674, Timeline 4 (Density Graph + Event Blocks), VIRAT_S_0102,72.5
146400674, Timeline 1 (Base Interface), VIRAT_S_0400,60
146400674, Timeline 3 (Event Blocks), VIRAT_S_0500,97.5
146313793, Timeline 3 (Event Blocks), VIRAT_S_0002,42.5
146313793, Timeline 4 (Density Graph + Event Blocks), VIRAT_S_0100,37.5
146313793, Timeline 5 (Event Thumbnails), VIRAT_S_0102,90
146313793, Timeline 2 (Density Graph), VIRAT_S_0400,80
146313793, Timeline 1 (Base Interface), VIRAT_S_0500,40
146284478, Timeline 1 (Base Interface), VIRAT_S_0002,65
146284478, Timeline 4 (Density Graph + Event Blocks), VIRAT_S_0100,75
146284478, Timeline 2 (Density Graph), VIRAT_S_0102,85
146284478, Timeline 3 (Event Blocks), VIRAT_S_0400,77.5
146284478, Timeline 5 (Event Thumbnails), VIRAT_S_0500,75
146273701, Timeline 3 (Event Blocks), VIRAT_S_0002,50
146273701, Timeline 4 (Density Graph + Event Blocks), VIRAT_S_0100,47.5
146273701, Timeline 5 (Event Thumbnails), VIRAT_S_0102,72.5
146273701, Timeline 2 (Density Graph), VIRAT_S_0400,45
146273701, Timeline 1 (Base Interface), VIRAT_S_0500,55
146269551, Timeline 4 (Density Graph + Event Blocks), VIRAT_S_0002,67.5
146269551, Timeline 5 (Event Thumbnails), VIRAT_S_0100,62.5
146269551, Timeline 1 (Base Interface), VIRAT_S_0102,65
146269551, Timeline 2 (Density Graph), VIRAT_S_0400,67.5
146269551, Timeline 3 (Event Blocks), VIRAT_S_0500,75
146266265, Timeline 5 (Event Thumbnails), VIRAT_S_0002,75
146266265, Timeline 3 (Event Blocks), VIRAT_S_0100,37.5
146266265, Timeline 1 (Base Interface), VIRAT_S_0102,57.5
146266265, Timeline 4 (Density Graph + Event Blocks), VIRAT_S_0400,77.5
146266265, Timeline 2 (Density Graph), VIRAT_S_0500,75
146217689, Timeline 4 (Density Graph + Event Blocks), VIRAT_S_0002,85
146217689, Timeline 1 (Base Interface), VIRAT_S_0100,67.5
146217689, Timeline 5 (Event Thumbnails), VIRAT_S_0102,85
146217689, Timeline 2 (Density Graph), VIRAT_S_0400,80
146217689, Timeline 3 (Event Blocks), VIRAT_S_0500,80
146210319, Timeline 1 (Base Interface), VIRAT_S_0002,72.5
146210319, Timeline 5 (Event Thumbnails), VIRAT_S_0100,72.5
146210319, Timeline 2 (Density Graph), VIRAT_S_0102,87.5
146210319, Timeline 4 (Density Graph + Event Blocks), VIRAT_S_0400,75
146210319, Timeline 3 (Event Blocks), VIRAT_S_0500,57.5
146208061, Timeline 5 (Event Thumbnails), VIRAT_S_0002,75
146208061, Timeline 2 (Density Graph), VIRAT_S_0100,70
146208061, Timeline 4 (Density Graph + Event Blocks), VIRAT_S_0102,87.5
146208061, Timeline 3 (Event Blocks), VIRAT_S_0400,85
146208061, Timeline 1 (Base Interface), VIRAT_S_0500,85
146207901, Timeline 5 (Event Thumbnails), VIRAT_S_0002,62.5
146207901, Timeline 3 (Event Blocks), VIRAT_S_0100,52.5
146207901, Timeline 4 (Density Graph + Event Blocks), VIRAT_S_0102,60
146207901, Timeline 2 (Density Graph), VIRAT_S_0400,60
146207901, Timeline 1 (Base Interface), VIRAT_S_0500,45
146206265, Timeline 5 (Event Thumbnails), VIRAT_S_0002,67.5
146206265, Timeline 3 (Event Blocks), VIRAT_S_0100,45
146206265, Timeline 1 (Base Interface), VIRAT_S_0102,70
146206265, Timeline 2 (Density Graph), VIRAT_S_0400,70
146206265, Timeline 4 (Density Graph + Event Blocks), VIRAT_S_0500,75
146201756, Timeline 4 (Density Graph + Event Blocks), VIRAT_S_0002,37.5
146201756, Timeline 1 (Base Interface), VIRAT_S_0100,22.5
146201756, Timeline 5 (Event Thumbnails), VIRAT_S_0102,97.5
146201756, Timeline 2 (Density Graph), VIRAT_S_0400,80
146201756, Timeline 3 (Event Blocks), VIRAT_S_0500,100