PID,TIMELINE,TIME,VIDEO
150879454, Timeline 2 (Density Graph),113, VIRAT_S_0002
150879454, Timeline 1 (Base Interface),83, VIRAT_S_0100
150879454, Timeline 3 (Event Blocks),98, VIRAT_S_0102
150879454, Timeline 4 (Density Graph + Event Blocks),88, VIRAT_S_0400
150879454, Timeline 5 (Event Thumbnails),68, VIRAT_S_0500
150877653, Timeline 4 (Density Graph + Event Blocks),423, VIRAT_S_0002
150877653, Timeline 1 (Base Interface),41, VIRAT_S_0100
150877653, Timeline 5 (Event Thumbnails),73, VIRAT_S_0102
150877653, Timeline 2 (Density Graph),127, VIRAT_S_0400
150877653, Timeline 3 (Event Blocks),134, VIRAT_S_0500
150860818, Timeline 5 (Event Thumbnails),139, VIRAT_S_0002
150860818, Timeline 4 (Density Graph + Event Blocks),56, VIRAT_S_0100
150860818, Timeline 1 (Base Interface),2711, VIRAT_S_0102
150860818, Timeline 3 (Event Blocks),84, VIRAT_S_0400
150860818, Timeline 2 (Density Graph),98, VIRAT_S_0500
150825023, Timeline 5 (Event Thumbnails),105, VIRAT_S_0002
150825023, Timeline 2 (Density Graph),269, VIRAT_S_0100
150825023, Timeline 3 (Event Blocks),90, VIRAT_S_0102
150825023, Timeline 4 (Density Graph + Event Blocks),157, VIRAT_S_0400
150825023, Timeline 1 (Base Interface),94, VIRAT_S_0500
150750066, Timeline 3 (Event Blocks),242, VIRAT_S_0002
150750066, Timeline 5 (Event Thumbnails),100, VIRAT_S_0100
150750066, Timeline 4 (Density Graph + Event Blocks),72, VIRAT_S_0102
150750066, Timeline 2 (Density Graph),144, VIRAT_S_0400
150750066, Timeline 1 (Base Interface),242, VIRAT_S_0500
150743242, Timeline 5 (Event Thumbnails),1227, VIRAT_S_0002
150743242, Timeline 1 (Base Interface),273, VIRAT_S_0100
150743242, Timeline 2 (Density Graph),215, VIRAT_S_0102
150743242, Timeline 3 (Event Blocks),84, VIRAT_S_0400
150743242, Timeline 4 (Density Graph + Event Blocks),216, VIRAT_S_0500
150716670, Timeline 4 (Density Graph + Event Blocks),59, VIRAT_S_0002
150716670, Timeline 3 (Event Blocks),49, VIRAT_S_0100
150716670, Timeline 2 (Density Graph),79, VIRAT_S_0102
150716670, Timeline 5 (Event Thumbnails),70, VIRAT_S_0400
150716670, Timeline 1 (Base Interface),50, VIRAT_S_0500
150639039, Timeline 1 (Base Interface),66, VIRAT_S_0002
150639039, Timeline 4 (Density Graph + Event Blocks),39, VIRAT_S_0100
150639039, Timeline 2 (Density Graph),77, VIRAT_S_0102
150639039, Timeline 5 (Event Thumbnails),72, VIRAT_S_0400
150639039, Timeline 3 (Event Blocks),57, VIRAT_S_0500
150637363, Timeline 4 (Density Graph + Event Blocks),99, VIRAT_S_0002
150637363, Timeline 2 (Density Graph),81, VIRAT_S_0100
150637363, Timeline 3 (Event Blocks),86, VIRAT_S_0102
150637363, Timeline 5 (Event Thumbnails),151, VIRAT_S_0400
150637363, Timeline 1 (Base Interface),35, VIRAT_S_0500
150630441, Timeline 1 (Base Interface),163, VIRAT_S_0002
150630441, Timeline 4 (Density Graph + Event Blocks),203, VIRAT_S_0100
150630441, Timeline 5 (Event Thumbnails),93, VIRAT_S_0102
150630441, Timeline 3 (Event Blocks),82, VIRAT_S_0400
150630441, Timeline 2 (Density Graph),59, VIRAT_S_0500
150627078, Timeline 3 (Event Blocks),128, VIRAT_S_0002
150627078, Timeline 5 (Event Thumbnails),73, VIRAT_S_0100
150627078, Timeline 1 (Base Interface),103, VIRAT_S_0102
150627078, Timeline 2 (Density Graph),51, VIRAT_S_0400
150627078, Timeline 4 (Density Graph + Event Blocks),62, VIRAT_S_0500
150614757, Timeline 5 (Event Thumbnails),31, VIRAT_S_0002
150614757, Timeline 4 (Density Graph + Event Blocks),64, VIRAT_S_0100
150614757, Timeline 3 (Event Blocks),48, VIRAT_S_0102
150614757, Timeline 1 (Base Interface),167, VIRAT_S_0400
150614757, Timeline 2 (Density Graph),32, VIRAT_S_0500
150599446, Timeline 4 (Density Graph + Event Blocks),86, VIRAT_S_0002
150599446, Timeline 5 (Event Thumbnails),103, VIRAT_S_0100
150599446, Timeline 2 (Density Graph),58, VIRAT_S_0102
150599446, Timeline 3 (Event Blocks),201, VIRAT_S_0400
150599446, Timeline 1 (Base Interface),36, VIRAT_S_0500
150595058, Timeline 3 (Event Blocks),172, VIRAT_S_0002
150595058, Timeline 2 (Density Graph),158, VIRAT_S_0100
150595058, Timeline 4 (Density Graph + Event Blocks),127, VIRAT_S_0102
150595058, Timeline 5 (Event Thumbnails),134, VIRAT_S_0400
150595058, Timeline 1 (Base Interface),61, VIRAT_S_0500
150550616, Timeline 4 (Density Graph + Event Blocks),177, VIRAT_S_0002
150550616, Timeline 5 (Event Thumbnails),116, VIRAT_S_0100
150550616, Timeline 2 (Density Graph),51, VIRAT_S_0102
150550616, Timeline 3 (Event Blocks),100, VIRAT_S_0400
150550616, Timeline 1 (Base Interface),80, VIRAT_S_0500
150520051, Timeline 1 (Base Interface),64, VIRAT_S_0002
150520051, Timeline 2 (Density Graph),60, VIRAT_S_0100
150520051, Timeline 4 (Density Graph + Event Blocks),62, VIRAT_S_0102
150520051, Timeline 5 (Event Thumbnails),68, VIRAT_S_0400
150520051, Timeline 3 (Event Blocks),73, VIRAT_S_0500
150511275, Timeline 4 (Density Graph + Event Blocks),134, VIRAT_S_0002
150511275, Timeline 3 (Event Blocks),75, VIRAT_S_0100
150511275, Timeline 5 (Event Thumbnails),82, VIRAT_S_0102
150511275, Timeline 2 (Density Graph),116, VIRAT_S_0400
150511275, Timeline 1 (Base Interface),78, VIRAT_S_0500
150506408, Timeline 5 (Event Thumbnails),69, VIRAT_S_0002
150506408, Timeline 3 (Event Blocks),73, VIRAT_S_0100
150506408, Timeline 2 (Density Graph),42, VIRAT_S_0102
150506408, Timeline 4 (Density Graph + Event Blocks),79, VIRAT_S_0400
150506408, Timeline 1 (Base Interface),97, VIRAT_S_0500
150504800, Timeline 5 (Event Thumbnails),107, VIRAT_S_0002
150504800, Timeline 1 (Base Interface),240, VIRAT_S_0100
150504800, Timeline 4 (Density Graph + Event Blocks),60, VIRAT_S_0102
150504800, Timeline 2 (Density Graph),70, VIRAT_S_0400
150504800, Timeline 3 (Event Blocks),116, VIRAT_S_0500
150502997, Timeline 4 (Density Graph + Event Blocks),199, VIRAT_S_0002
150502997, Timeline 5 (Event Thumbnails),52, VIRAT_S_0100
150502997, Timeline 2 (Density Graph),59, VIRAT_S_0102
150502997, Timeline 3 (Event Blocks),49, VIRAT_S_0400
150502997, Timeline 1 (Base Interface),90, VIRAT_S_0500
150490423, Timeline 5 (Event Thumbnails),117, VIRAT_S_0002
150490423, Timeline 2 (Density Graph),118, VIRAT_S_0100
150490423, Timeline 1 (Base Interface),149, VIRAT_S_0102
150490423, Timeline 3 (Event Blocks),92, VIRAT_S_0400
150490423, Timeline 4 (Density Graph + Event Blocks),106, VIRAT_S_0500
150461254, Timeline 2 (Density Graph),123, VIRAT_S_0002
150461254, Timeline 3 (Event Blocks),123, VIRAT_S_0100
150461254, Timeline 5 (Event Thumbnails),222, VIRAT_S_0102
150461254, Timeline 1 (Base Interface),87, VIRAT_S_0400
150461254, Timeline 4 (Density Graph + Event Blocks),128, VIRAT_S_0500
150406438, Timeline 3 (Event Blocks),78, VIRAT_S_0002
150406438, Timeline 5 (Event Thumbnails),212, VIRAT_S_0100
150406438, Timeline 4 (Density Graph + Event Blocks),159, VIRAT_S_0102
150406438, Timeline 1 (Base Interface),135, VIRAT_S_0400
150406438, Timeline 2 (Density Graph),126, VIRAT_S_0500
150404087, Timeline 2 (Density Graph),251, VIRAT_S_0002
150404087, Timeline 3 (Event Blocks),101, VIRAT_S_0100
150404087, Timeline 5 (Event Thumbnails),68, VIRAT_S_0102
150404087, Timeline 4 (Density Graph + Event Blocks),85, VIRAT_S_0400
150404087, Timeline 1 (Base Interface),69, VIRAT_S_0500
150404083, Timeline 4 (Density Graph + Event Blocks),151, VIRAT_S_0002
150404083, Timeline 5 (Event Thumbnails),126, VIRAT_S_0100
150404083, Timeline 2 (Density Graph),121, VIRAT_S_0102
150404083, Timeline 3 (Event Blocks),111, VIRAT_S_0400
150404083, Timeline 1 (Base Interface),38, VIRAT_S_0500
150389044, Timeline 4 (Density Graph + Event Blocks),314, VIRAT_S_0002
150389044, Timeline 3 (Event Blocks),50, VIRAT_S_0100
150389044, Timeline 2 (Density Graph),37, VIRAT_S_0102
150389044, Timeline 5 (Event Thumbnails),63, VIRAT_S_0400
150389044, Timeline 1 (Base Interface),27, VIRAT_S_0500
149605649, Timeline 1 (Base Interface),119, VIRAT_S_0002
149605649, Timeline 3 (Event Blocks),286, VIRAT_S_0100
149605649, Timeline 2 (Density Graph),251, VIRAT_S_0102
149605649, Timeline 4 (Density Graph + Event Blocks),106, VIRAT_S_0400
149605649, Timeline 5 (Event Thumbnails),168, VIRAT_S_0500
149508537, Timeline 3 (Event Blocks),94, VIRAT_S_0002
149508537, Timeline 2 (Density Graph),56, VIRAT_S_0100
149508537, Timeline 1 (Base Interface),115, VIRAT_S_0102
149508537, Timeline 5 (Event Thumbnails),72, VIRAT_S_0400
149508537, Timeline 4 (Density Graph + Event Blocks),61, VIRAT_S_0500
149466211, Timeline 1 (Base Interface),37, VIRAT_S_0002
149466211, Timeline 4 (Density Graph + Event Blocks),129, VIRAT_S_0100
149466211, Timeline 5 (Event Thumbnails),41, VIRAT_S_0102
149466211, Timeline 3 (Event Blocks),36, VIRAT_S_0400
149466211, Timeline 2 (Density Graph),131, VIRAT_S_0500
149439530, Timeline 4 (Density Graph + Event Blocks),12, VIRAT_S_0002
149439530, Timeline 1 (Base Interface),38, VIRAT_S_0100
149439530, Timeline 2 (Density Graph),112, VIRAT_S_0102
149439530, Timeline 5 (Event Thumbnails),30, VIRAT_S_0400
149439530, Timeline 3 (Event Blocks),13, VIRAT_S_0500
149353591, Timeline 5 (Event Thumbnails),227, VIRAT_S_0002
149353591, Timeline 2 (Density Graph),96, VIRAT_S_0100
149353591, Timeline 3 (Event Blocks),97, VIRAT_S_0102
149353591, Timeline 4 (Density Graph + Event Blocks),97, VIRAT_S_0400
149353591, Timeline 1 (Base Interface),67, VIRAT_S_0500
149215102, Timeline 3 (Event Blocks),110, VIRAT_S_0002
149215102, Timeline 2 (Density Graph),134, VIRAT_S_0100
149215102, Timeline 4 (Density Graph + Event Blocks),77, VIRAT_S_0102
149215102, Timeline 5 (Event Thumbnails),199, VIRAT_S_0400
149215102, Timeline 1 (Base Interface),203, VIRAT_S_0500
149185311, Timeline 4 (Density Graph + Event Blocks),51, VIRAT_S_0002
149185311, Timeline 3 (Event Blocks),74, VIRAT_S_0100
149185311, Timeline 1 (Base Interface),103, VIRAT_S_0102
149185311, Timeline 2 (Density Graph),210, VIRAT_S_0400
149185311, Timeline 5 (Event Thumbnails),46, VIRAT_S_0500
149140946, Timeline 1 (Base Interface),53, VIRAT_S_0002
149140946, Timeline 3 (Event Blocks),90, VIRAT_S_0100
149140946, Timeline 5 (Event Thumbnails),50, VIRAT_S_0102
149140946, Timeline 4 (Density Graph + Event Blocks),54, VIRAT_S_0400
149140946, Timeline 2 (Density Graph),71, VIRAT_S_0500
149094645, Timeline 5 (Event Thumbnails),280, VIRAT_S_0002
149094645, Timeline 1 (Base Interface),51, VIRAT_S_0100
149094645, Timeline 3 (Event Blocks),66, VIRAT_S_0102
149094645, Timeline 2 (Density Graph),59, VIRAT_S_0400
149094645, Timeline 4 (Density Graph + Event Blocks),62, VIRAT_S_0500
148958404, Timeline 4 (Density Graph + Event Blocks),351, VIRAT_S_0002
148958404, Timeline 1 (Base Interface),397, VIRAT_S_0100
148958404, Timeline 3 (Event Blocks),106, VIRAT_S_0102
148958404, Timeline 5 (Event Thumbnails),69, VIRAT_S_0400
148958404, Timeline 2 (Density Graph),104, VIRAT_S_0500
148904494, Timeline 2 (Density Graph),229, VIRAT_S_0002
148904494, Timeline 1 (Base Interface),199, VIRAT_S_0100
148904494, Timeline 4 (Density Graph + Event Blocks),109, VIRAT_S_0102
148904494, Timeline 3 (Event Blocks),65, VIRAT_S_0400
148904494, Timeline 5 (Event Thumbnails),47, VIRAT_S_0500
148822625, Timeline 5 (Event Thumbnails),73, VIRAT_S_0002
148822625, Timeline 1 (Base Interface),71, VIRAT_S_0100
148822625, Timeline 2 (Density Graph),73, VIRAT_S_0102
148822625, Timeline 4 (Density Graph + Event Blocks),92, VIRAT_S_0400
148822625, Timeline 3 (Event Blocks),62, VIRAT_S_0500
148796085, Timeline 5 (Event Thumbnails),174, VIRAT_S_0002
148796085, Timeline 1 (Base Interface),61, VIRAT_S_0100
148796085, Timeline 3 (Event Blocks),67, VIRAT_S_0102
148796085, Timeline 4 (Density Graph + Event Blocks),73, VIRAT_S_0400
148796085, Timeline 2 (Density Graph),73, VIRAT_S_0500
148786365, Timeline 4 (Density Graph + Event Blocks),110, VIRAT_S_0002
148786365, Timeline 2 (Density Graph),73, VIRAT_S_0100
148786365, Timeline 3 (Event Blocks),51, VIRAT_S_0102
148786365, Timeline 1 (Base Interface),87, VIRAT_S_0400
148786365, Timeline 5 (Event Thumbnails),35, VIRAT_S_0500
148784892, Timeline 1 (Base Interface),70, VIRAT_S_0002
148784892, Timeline 4 (Density Graph + Event Blocks),56, VIRAT_S_0100
148784892, Timeline 5 (Event Thumbnails),71, VIRAT_S_0102
148784892, Timeline 3 (Event Blocks),84, VIRAT_S_0400
148784892, Timeline 2 (Density Graph),66, VIRAT_S_0500
148783679, Timeline 4 (Density Graph + Event Blocks),202, VIRAT_S_0002
148783679, Timeline 3 (Event Blocks),129, VIRAT_S_0100
148783679, Timeline 2 (Density Graph),174, VIRAT_S_0102
148783679, Timeline 1 (Base Interface),218, VIRAT_S_0400
148783679, Timeline 5 (Event Thumbnails),36, VIRAT_S_0500
148768751, Timeline 4 (Density Graph + Event Blocks),192, VIRAT_S_0002
148768751, Timeline 2 (Density Graph),132, VIRAT_S_0100
148768751, Timeline 5 (Event Thumbnails),58, VIRAT_S_0102
148768751, Timeline 3 (Event Blocks),117, VIRAT_S_0400
148768751, Timeline 1 (Base Interface),110, VIRAT_S_0500
148743058, Timeline 2 (Density Graph),60, VIRAT_S_0002
148743058, Timeline 3 (Event Blocks),143, VIRAT_S_0100
148743058, Timeline 4 (Density Graph + Event Blocks),152, VIRAT_S_0102
148743058, Timeline 5 (Event Thumbnails),159, VIRAT_S_0400
148743058, Timeline 1 (Base Interface),83, VIRAT_S_0500
148561559, Timeline 1 (Base Interface),36, VIRAT_S_0002
148561559, Timeline 3 (Event Blocks),37, VIRAT_S_0100
148561559, Timeline 4 (Density Graph + Event Blocks),86, VIRAT_S_0102
148561559, Timeline 2 (Density Graph),72, VIRAT_S_0400
148561559, Timeline 5 (Event Thumbnails),38, VIRAT_S_0500
148558714, Timeline 4 (Density Graph + Event Blocks),103, VIRAT_S_0002
148558714, Timeline 1 (Base Interface),332, VIRAT_S_0100
148558714, Timeline 2 (Density Graph),166, VIRAT_S_0102
148558714, Timeline 5 (Event Thumbnails),156, VIRAT_S_0400
148558714, Timeline 3 (Event Blocks),430, VIRAT_S_0500
148552210, Timeline 1 (Base Interface),85, VIRAT_S_0002
148552210, Timeline 3 (Event Blocks),148, VIRAT_S_0100
148552210, Timeline 4 (Density Graph + Event Blocks),93, VIRAT_S_0102
148552210, Timeline 2 (Density Graph),185, VIRAT_S_0400
148552210, Timeline 5 (Event Thumbnails),405, VIRAT_S_0500
148551719, Timeline 4 (Density Graph + Event Blocks),153, VIRAT_S_0002
148551719, Timeline 1 (Base Interface),84, VIRAT_S_0100
148551719, Timeline 5 (Event Thumbnails),84, VIRAT_S_0102
148551719, Timeline 2 (Density Graph),68, VIRAT_S_0400
148551719, Timeline 3 (Event Blocks),85, VIRAT_S_0500
148547931, Timeline 2 (Density Graph),186, VIRAT_S_0002
148547931, Timeline 5 (Event Thumbnails),161, VIRAT_S_0100
148547931, Timeline 1 (Base Interface),84, VIRAT_S_0102
148547931, Timeline 4 (Density Graph + Event Blocks),88, VIRAT_S_0400
148547931, Timeline 3 (Event Blocks),131, VIRAT_S_0500
148516311, Timeline 3 (Event Blocks),101, VIRAT_S_0002
148516311, Timeline 2 (Density Graph),84, VIRAT_S_0100
148516311, Timeline 5 (Event Thumbnails),67, VIRAT_S_0102
148516311, Timeline 1 (Base Interface),80, VIRAT_S_0400
148516311, Timeline 4 (Density Graph + Event Blocks),109, VIRAT_S_0500
148463769, Timeline 3 (Event Blocks),130, VIRAT_S_0002
148463769, Timeline 4 (Density Graph + Event Blocks),212, VIRAT_S_0100
148463769, Timeline 2 (Density Graph),50, VIRAT_S_0102
148463769, Timeline 5 (Event Thumbnails),34, VIRAT_S_0400
148463769, Timeline 1 (Base Interface),26, VIRAT_S_0500
148457705, Timeline 2 (Density Graph),131, VIRAT_S_0002
148457705, Timeline 5 (Event Thumbnails),97, VIRAT_S_0100
148457705, Timeline 1 (Base Interface),63, VIRAT_S_0102
148457705, Timeline 3 (Event Blocks),52, VIRAT_S_0400
148457705, Timeline 4 (Density Graph + Event Blocks),178, VIRAT_S_0500
148379134, Timeline 2 (Density Graph),162, VIRAT_S_0002
148379134, Timeline 5 (Event Thumbnails),95, VIRAT_S_0100
148379134, Timeline 4 (Density Graph + Event Blocks),45, VIRAT_S_0102
148379134, Timeline 1 (Base Interface),115, VIRAT_S_0400
148379134, Timeline 3 (Event Blocks),86, VIRAT_S_0500
148355343, Timeline 4 (Density Graph + Event Blocks),84, VIRAT_S_0002
148355343, Timeline 5 (Event Thumbnails),63, VIRAT_S_0100
148355343, Timeline 1 (Base Interface),86, VIRAT_S_0102
148355343, Timeline 2 (Density Graph),100, VIRAT_S_0400
148355343, Timeline 3 (Event Blocks),68, VIRAT_S_0500
148250834, Timeline 3 (Event Blocks),74, VIRAT_S_0002
148250834, Timeline 1 (Base Interface),164, VIRAT_S_0100
148250834, Timeline 2 (Density Graph),88, VIRAT_S_0102
148250834, Timeline 4 (Density Graph + Event Blocks),101, VIRAT_S_0400
148250834, Timeline 5 (Event Thumbnails),55, VIRAT_S_0500
148242096, Timeline 2 (Density Graph),208, VIRAT_S_0002
148242096, Timeline 3 (Event Blocks),58, VIRAT_S_0100
148242096, Timeline 4 (Density Graph + Event Blocks),83, VIRAT_S_0102
148242096, Timeline 1 (Base Interface),94, VIRAT_S_0400
148242096, Timeline 5 (Event Thumbnails),52, VIRAT_S_0500
148225108, Timeline 4 (Density Graph + Event Blocks),48, VIRAT_S_0002
148225108, Timeline 3 (Event Blocks),74, VIRAT_S_0100
148225108, Timeline 5 (Event Thumbnails),93, VIRAT_S_0102
148225108, Timeline 1 (Base Interface),37, VIRAT_S_0400
148225108, Timeline 2 (Density Graph),34, VIRAT_S_0500
148191331, Timeline 3 (Event Blocks),189, VIRAT_S_0002
148191331, Timeline 2 (Density Graph),161, VIRAT_S_0100
148191331, Timeline 1 (Base Interface),180, VIRAT_S_0102
148191331, Timeline 4 (Density Graph + Event Blocks),127, VIRAT_S_0400
148191331, Timeline 5 (Event Thumbnails),159, VIRAT_S_0500
148121549, Timeline 2 (Density Graph),94, VIRAT_S_0002
148121549, Timeline 3 (Event Blocks),128, VIRAT_S_0100
148121549, Timeline 4 (Density Graph + Event Blocks),88, VIRAT_S_0102
148121549, Timeline 5 (Event Thumbnails),101, VIRAT_S_0400
148121549, Timeline 1 (Base Interface),95, VIRAT_S_0500
148121544, Timeline 4 (Density Graph + Event Blocks),111, VIRAT_S_0002
148121544, Timeline 2 (Density Graph),111, VIRAT_S_0100
148121544, Timeline 3 (Event Blocks),141, VIRAT_S_0102
148121544, Timeline 5 (Event Thumbnails),100, VIRAT_S_0400
148121544, Timeline 1 (Base Interface),113, VIRAT_S_0500
148121371, Timeline 1 (Base Interface),83, VIRAT_S_0002
148121371, Timeline 2 (Density Graph),89, VIRAT_S_0100
148121371, Timeline 4 (Density Graph + Event Blocks),231, VIRAT_S_0102
148121371, Timeline 5 (Event Thumbnails),93, VIRAT_S_0400
148121371, Timeline 3 (Event Blocks),102, VIRAT_S_0500
148121369, Timeline 5 (Event Thumbnails),120, VIRAT_S_0002
148121369, Timeline 1 (Base Interface),241, VIRAT_S_0100
148121369, Timeline 3 (Event Blocks),101, VIRAT_S_0102
148121369, Timeline 4 (Density Graph + Event Blocks),106, VIRAT_S_0400
148121369, Timeline 2 (Density Graph),98, VIRAT_S_0500
148088832, Timeline 5 (Event Thumbnails),211, VIRAT_S_0002
148088832, Timeline 1 (Base Interface),95, VIRAT_S_0100
148088832, Timeline 2 (Density Graph),57, VIRAT_S_0102
148088832, Timeline 4 (Density Graph + Event Blocks),93, VIRAT_S_0400
148088832, Timeline 3 (Event Blocks),70, VIRAT_S_0500
148087855, Timeline 5 (Event Thumbnails),73, VIRAT_S_0002
148087855, Timeline 2 (Density Graph),76, VIRAT_S_0100
148087855, Timeline 4 (Density Graph + Event Blocks),88, VIRAT_S_0102
148087855, Timeline 3 (Event Blocks),66, VIRAT_S_0400
148087855, Timeline 1 (Base Interface),111, VIRAT_S_0500
148072624, Timeline 1 (Base Interface),181, VIRAT_S_0002
148072624, Timeline 5 (Event Thumbnails),181, VIRAT_S_0100
148072624, Timeline 4 (Density Graph + Event Blocks),97, VIRAT_S_0102
148072624, Timeline 2 (Density Graph),420, VIRAT_S_0400
148072624, Timeline 3 (Event Blocks),139, VIRAT_S_0500
148063804, Timeline 2 (Density Graph),56, VIRAT_S_0002
148063804, Timeline 3 (Event Blocks),45, VIRAT_S_0100
148063804, Timeline 4 (Density Graph + Event Blocks),73, VIRAT_S_0102
148063804, Timeline 5 (Event Thumbnails),60, VIRAT_S_0400
148063804, Timeline 1 (Base Interface),63, VIRAT_S_0500
148063806, Timeline 4 (Density Graph + Event Blocks),57, VIRAT_S_0002
148063806, Timeline 3 (Event Blocks),43, VIRAT_S_0100
148063806, Timeline 1 (Base Interface),59, VIRAT_S_0102
148063806, Timeline 5 (Event Thumbnails),66, VIRAT_S_0400
148063806, Timeline 2 (Density Graph),51, VIRAT_S_0500
148063807, Timeline 1 (Base Interface),62, VIRAT_S_0002
148063807, Timeline 5 (Event Thumbnails),66, VIRAT_S_0100
148063807, Timeline 4 (Density Graph + Event Blocks),74, VIRAT_S_0102
148063807, Timeline 3 (Event Blocks),44, VIRAT_S_0400
148063807, Timeline 2 (Density Graph),49, VIRAT_S_0500
148063808, Timeline 3 (Event Blocks),44, VIRAT_S_0002
148063808, Timeline 2 (Density Graph),40, VIRAT_S_0100
148063808, Timeline 4 (Density Graph + Event Blocks),57, VIRAT_S_0102
148063808, Timeline 5 (Event Thumbnails),66, VIRAT_S_0400
148063808, Timeline 1 (Base Interface),59, VIRAT_S_0500
148063802, Timeline 4 (Density Graph + Event Blocks),69, VIRAT_S_0002
148063802, Timeline 2 (Density Graph),62, VIRAT_S_0100
148063802, Timeline 5 (Event Thumbnails),61, VIRAT_S_0102
148063802, Timeline 3 (Event Blocks),45, VIRAT_S_0400
148063802, Timeline 1 (Base Interface),63, VIRAT_S_0500
148060312, Timeline 2 (Density Graph),269, VIRAT_S_0002
148060312, Timeline 5 (Event Thumbnails),302, VIRAT_S_0100
148060312, Timeline 4 (Density Graph + Event Blocks),135, VIRAT_S_0102
148060312, Timeline 1 (Base Interface),61, VIRAT_S_0400
148060312, Timeline 3 (Event Blocks),196, VIRAT_S_0500
,,,
,,,
,,,
,,,
,,,
,,,
,,,
,,,
,,,
,,,
147906122, Timeline 3 (Event Blocks),88, VIRAT_S_0002
147906122, Timeline 2 (Density Graph),203, VIRAT_S_0100
147906122, Timeline 5 (Event Thumbnails),68, VIRAT_S_0102
147906122, Timeline 4 (Density Graph + Event Blocks),74, VIRAT_S_0400
147906122, Timeline 1 (Base Interface),21, VIRAT_S_0500