Response ID,Timeline Used Value,Timeline Used Value Decrypted,Timeline Type (TimelinesUsed),Timeline Type (User Entry),Video Name,(Original Answer) 1. I think that I would like to use this UI frequently,(Original Answer) 2. I found the UI unnecessarily complex,(Original Answer) 3. I thought the UI was easy to use,(Original Answer) 4. I think that I would need the support of a technical person to be able to use this UI,(Original Answer) 5. I found the various functions in this UI were well integrated,(Original Answer) 6. I thought there was too much inconsistency in this UI,(Original Answer) 7. I would imagine that most people would learn to use this UI very quickly,(Original Answer) 8. I found the UI very cumbersome to use,(Original Answer) 9. I felt very confident using the UI,(Original Answer) 10. I needed to learn a lot of things before I could get going with this UI,(Adjusted Answer) 1. I think that I would like to use this UI frequently,(Adjusted Answer) 2. I found the UI unnecessarily complex,(Adjusted Answer) 3. I thought the UI was easy to use,(Adjusted Answer) 4. I think that I would need the support of a technical person to be able to use this UI,(Adjusted Answer) 5. I found the various functions in this UI were well integrated,(Adjusted Answer) 6. I thought there was too much inconsistency in this UI,(Adjusted Answer) 7. I would imagine that most people would learn to use this UI very quickly,(Adjusted Answer) 8. I found the UI very cumbersome to use,(Adjusted Answer) 9. I felt very confident using the UI,(Adjusted Answer) 10. I needed to learn a lot of things before I could get going with this UI,Adjusted Answer Sum,SUS Score
149508537, 69511, 143, Timeline 3 (Event Blocks), Timeline 3 (Event Blocks), VIRAT_S_0002, 3, 1, 4, 1, 4, 1, 5, 4, 4, 1, 2, 4, 3, 4, 3, 4, 4, 1, 3, 4, 32, 80.0
149508537, 83720, 14352, Timeline 2 (Density Graph), Timeline 2 (Density Graph), VIRAT_S_0100, 2, 1, 4, 1, 4, 1, 4, 4, 4, 1, 1, 4, 3, 4, 3, 4, 3, 1, 3, 4, 30, 75.0
149508537, 69369, 1, Timeline 1 (Base Interface), Timeline 1 (Base Interface), VIRAT_S_0102, 3, 1, 4, 1, 4, 1, 5, 3, 4, 1, 2, 4, 3, 4, 3, 4, 4, 2, 3, 4, 33, 82.5
149508537, 70803, 1435, Timeline 5 (Event Thumbnails), Timeline 5 (Event Thumbnails), VIRAT_S_0400, 2, 2, 4, 1, 4, 1, 4, 3, 4, 1, 1, 3, 3, 4, 3, 4, 3, 2, 3, 4, 30, 75.0
149508537, 69382, 14, Timeline 4 (Density Graph + Event Blocks), Timeline 4 (Density Graph + Event Blocks), VIRAT_S_0500, 3, 1, 4, 1, 4, 1, 4, 2, 4, 1, 2, 4, 3, 4, 3, 4, 3, 3, 3, 4, 33, 82.5
149488827, 69793, 425, Timeline 5 (Event Thumbnails), Timeline 5 (Event Thumbnails), VIRAT_S_0002, 5, 2, 4, 2, 4, 2, 5, 2, 4, 2, 4, 3, 3, 3, 3, 3, 4, 3, 3, 3, 32, 80.0
149488827, 73619, 4251, Timeline 1 (Base Interface), Timeline 1 (Base Interface), VIRAT_S_0100, 3, 3, 2, 2, 4, 2, 4, 5, 2, 2, 2, 2, 1, 3, 3, 3, 3, 0, 1, 3, 21, 52.5
149488827, 69410, 42, Timeline 2 (Density Graph), Timeline 2 (Density Graph), VIRAT_S_0102, 4, 3, 4, 2, 4, 2, 4, 2, 4, 4, 3, 2, 3, 3, 3, 3, 3, 3, 3, 1, 27, 67.5
149488827, 69368, 0, Other, Timeline 3 (Event Blocks), VIRAT_S_0400, 5, 2, 4, 2, 3, 2, 4, 2, 3, 2, 4, 3, 3, 3, 2, 3, 3, 3, 2, 3, 29, 72.5
149488827, 69372, 4, Timeline 4 (Density Graph + Event Blocks), Timeline 3 (Event Blocks), VIRAT_S_0500, 4, 2, 4, 2, 3, 2, 4, 2, 4, 2, 3, 3, 3, 3, 2, 3, 3, 3, 3, 3, 29, 72.5
149466211, 69609, 241, Timeline 1 (Base Interface), Timeline 5 (Event Thumbnails), VIRAT_S_0002, 4, 3, 3, 4, 3, 3, 3, 2, 2, 4, 3, 2, 2, 1, 2, 2, 2, 3, 1, 1, 19, 47.5
149466211, 69392, 24, Timeline 4 (Density Graph + Event Blocks), Timeline 4 (Density Graph + Event Blocks), VIRAT_S_0100, 4, 3, 3, 2, 4, 3, 3, 3, 3, 3, 3, 2, 2, 3, 3, 2, 2, 2, 2, 2, 23, 57.5
149466211, 93503, 24135, Timeline 5 (Event Thumbnails), Timeline 5 (Event Thumbnails), VIRAT_S_0102, 4, 2, 4, 3, 4, 2, 4, 2, 4, 3, 3, 3, 3, 2, 3, 3, 3, 3, 3, 2, 28, 70.0
149466211, 71781, 2413, Timeline 3 (Event Blocks), Timeline 5 (Event Thumbnails), VIRAT_S_0400, 4, 2, 3, 4, 4, 2, 4, 3, 4, 2, 3, 3, 2, 1, 3, 3, 3, 2, 3, 3, 26, 65.0
149466211, 69370, 2, Timeline 2 (Density Graph), Timeline 2 (Density Graph), VIRAT_S_0500, 4, 3, 4, 4, 4, 3, 4, 3, 4, 3, 3, 2, 3, 1, 3, 2, 3, 2, 3, 2, 24, 60.0
149439530, 94502, 25134, Timeline 4 (Density Graph + Event Blocks), Timeline 4 (Density Graph + Event Blocks), VIRAT_S_0002, 4, 2, 4, 2, 4, 2, 4, 2, 4, 2, 3, 3, 3, 3, 3, 3, 3, 3, 3, 3, 30, 75.0
149439530, 69619, 251, Timeline 1 (Base Interface), Timeline 5 (Event Thumbnails), VIRAT_S_0100, 4, 2, 4, 2, 4, 2, 4, 2, 4, 2, 3, 3, 3, 3, 3, 3, 3, 3, 3, 3, 30, 75.0
149439530, 69370, 2, Timeline 2 (Density Graph), Timeline 4 (Density Graph + Event Blocks), VIRAT_S_0102, 4, 3, 2, 4, 3, 4, 2, 3, 3, 2, 3, 2, 1, 1, 2, 1, 1, 2, 2, 3, 18, 45.0
149439530, 69393, 25, Timeline 5 (Event Thumbnails), Timeline 4 (Density Graph + Event Blocks), VIRAT_S_0400, 4, 2, 4, 2, 4, 2, 4, 2, 4, 2, 3, 3, 3, 3, 3, 3, 3, 3, 3, 3, 30, 75.0
149439530, 71881, 2513, Timeline 3 (Event Blocks), Timeline 4 (Density Graph + Event Blocks), VIRAT_S_0500, 4, 2, 4, 2, 4, 2, 4, 2, 4, 2, 3, 3, 3, 3, 3, 3, 3, 3, 3, 3, 30, 75.0
149353591, 69783, 415, Timeline 5 (Event Thumbnails), Timeline 3 (Event Blocks), VIRAT_S_0002, 4, 1, 5, 1, 3, 2, 5, 2, 3, 1, 3, 4, 4, 4, 2, 3, 4, 3, 2, 4, 33, 82.5
149353591, 110900, 41532, Timeline 2 (Density Graph), Timeline 2 (Density Graph), VIRAT_S_0100, 1, 2, 3, 1, 2, 3, 5, 4, 2, 1, 0, 3, 2, 4, 1, 2, 4, 1, 1, 4, 22, 55.0
149353591, 73521, 4153, Timeline 3 (Event Blocks), Timeline 3 (Event Blocks), VIRAT_S_0102, 4, 2, 4, 1, 4, 1, 4, 1, 5, 1, 3, 3, 3, 4, 3, 4, 3, 4, 4, 4, 35, 87.5
149353591, 69372, 4, Timeline 4 (Density Graph + Event Blocks), Timeline 4 (Density Graph + Event Blocks), VIRAT_S_0400, 4, 2, 4, 1, 3, 1, 4, 2, 4, 2, 3, 3, 3, 4, 2, 4, 3, 3, 3, 3, 31, 77.5
149353591, 69409, 41, Timeline 1 (Base Interface), Timeline 1 (Base Interface), VIRAT_S_0500, 1, 1, 2, 1, 2, 3, 4, 5, 1, 1, 0, 4, 1, 4, 1, 2, 3, 0, 0, 4, 19, 47.5
149215102, 74491, 5123, Timeline 3 (Event Blocks), Timeline 3 (Event Blocks), VIRAT_S_0002, 4, 2, 4, 2, 4, 2, 3, 3, 4, 2, 3, 3, 3, 3, 3, 3, 2, 2, 3, 3, 28, 70.0
149215102, 69880, 512, Timeline 2 (Density Graph), Timeline 2 (Density Graph), VIRAT_S_0100, 2, 3, 4, 4, 2, 4, 2, 5, 2, 4, 1, 2, 3, 1, 1, 1, 1, 0, 1, 1, 12, 30.0
149215102, 120602, 51234, Timeline 4 (Density Graph + Event Blocks), Timeline 4 (Density Graph + Event Blocks), VIRAT_S_0102, 5, 2, 4, 2, 4, 2, 4, 2, 4, 2, 4, 3, 3, 3, 3, 3, 3, 3, 3, 3, 31, 77.5
149215102, 69373, 5, Timeline 5 (Event Thumbnails), Timeline 5 (Event Thumbnails), VIRAT_S_0400, 5, 4, 4, 2, 4, 2, 5, 2, 4, 2, 4, 1, 3, 3, 3, 3, 4, 3, 3, 3, 30, 75.0
149215102, 69419, 51, Timeline 1 (Base Interface), Timeline 1 (Base Interface), VIRAT_S_0500, 2, 2, 4, 3, 4, 2, 2, 5, 1, 4, 1, 3, 3, 2, 3, 3, 1, 0, 0, 1, 17, 42.5
149185311, 69392, 24, Timeline 4 (Density Graph + Event Blocks), Timeline 4 (Density Graph + Event Blocks), VIRAT_S_0002, 5, 2, 4, 2, 5, 1, 4, 1, 4, 1, 4, 3, 3, 3, 4, 4, 3, 4, 3, 4, 35, 87.5
149185311, 69611, 243, Timeline 3 (Event Blocks), Timeline 3 (Event Blocks), VIRAT_S_0100, 4, 1, 4, 1, 4, 1, 5, 1, 5, 1, 3, 4, 3, 4, 3, 4, 4, 4, 4, 4, 37, 92.5
149185311, 93719, 24351, Timeline 1 (Base Interface), Timeline 1 (Base Interface), VIRAT_S_0102, 3, 1, 5, 1, 3, 1, 5, 1, 5, 1, 2, 4, 4, 4, 2, 4, 4, 4, 4, 4, 36, 90.0
149185311, 69370, 2, Timeline 2 (Density Graph), Timeline 2 (Density Graph), VIRAT_S_0400, 4, 1, 4, 1, 4, 1, 5, 1, 4, 1, 3, 4, 3, 4, 3, 4, 4, 4, 3, 4, 36, 90.0
149185311, 71803, 2435, Timeline 5 (Event Thumbnails), Timeline 5 (Event Thumbnails), VIRAT_S_0500, 5, 1, 5, 1, 4, 1, 5, 1, 5, 1, 4, 4, 4, 4, 3, 4, 4, 4, 4, 4, 39, 97.5
149140946, 69399, 31, Timeline 1 (Base Interface), Timeline 1 (Base Interface), VIRAT_S_0002, 2, 2, 4, 2, 2, 2, 4, 4, 5, 2, 1, 3, 3, 3, 1, 3, 3, 1, 4, 3, 25, 62.5
149140946, 69371, 3, Timeline 3 (Event Blocks), Timeline 3 (Event Blocks), VIRAT_S_0100, 4, 2, 4, 2, 3, 2, 3, 3, 4, 1, 3, 3, 3, 3, 2, 3, 2, 2, 3, 4, 28, 70.0
149140946, 100613, 31245, Timeline 5 (Event Thumbnails), Timeline 5 (Event Thumbnails), VIRAT_S_0102, 4, 2, 4, 1, 3, 2, 4, 2, 4, 2, 3, 3, 3, 4, 2, 3, 3, 3, 3, 3, 30, 75.0
149140946, 72492, 3124, Timeline 4 (Density Graph + Event Blocks), Timeline 4 (Density Graph + Event Blocks), VIRAT_S_0400, 4, 2, 4, 2, 3, 3, 4, 2, 4, 2, 3, 3, 3, 3, 2, 2, 3, 3, 3, 3, 28, 70.0
149140946, 69680, 312, Timeline 2 (Density Graph), Timeline 2 (Density Graph), VIRAT_S_0500, 5, 2, 4, 2, 4, 2, 4, 2, 4, 2, 4, 3, 3, 3, 3, 3, 3, 3, 3, 3, 31, 77.5
149094645, 69413, 45, Timeline 5 (Event Thumbnails), Timeline 3 (Event Blocks), VIRAT_S_0002, 1, 2, 2, 1, 4, 4, 4, 4, 2, 1, 0, 3, 1, 4, 3, 1, 3, 1, 1, 4, 21, 52.5
149094645, 114689, 45321, Timeline 1 (Base Interface), Timeline 1 (Base Interface), VIRAT_S_0100, 3, 2, 2, 4, 2, 4, 4, 3, 2, 2, 2, 3, 1, 1, 1, 1, 3, 2, 1, 3, 18, 45.0
149094645, 69821, 453, Timeline 3 (Event Blocks), Timeline 3 (Event Blocks), VIRAT_S_0102, 4, 4, 5, 1, 4, 2, 4, 3, 4, 4, 3, 1, 4, 4, 3, 3, 3, 2, 3, 1, 27, 67.5
149094645, 73900, 4532, Timeline 2 (Density Graph), Timeline 2 (Density Graph), VIRAT_S_0400, 4, 4, 4, 1, 3, 4, 4, 2, 4, 4, 3, 1, 3, 4, 2, 1, 3, 3, 3, 1, 24, 60.0
149094645, 69372, 4, Timeline 4 (Density Graph + Event Blocks), Timeline 3 (Event Blocks), VIRAT_S_0500, 2, 3, 2, 1, 5, 1, 3, 4, 2, 1, 1, 2, 1, 4, 4, 4, 2, 1, 1, 4, 24, 60.0
148958404, 69372, 4, Timeline 4 (Density Graph + Event Blocks), Timeline 4 (Density Graph + Event Blocks), VIRAT_S_0002, 2, 2, 4, 4, 4, 2, 4, 4, 2, 4, 1, 3, 3, 1, 3, 3, 3, 1, 1, 1, 20, 50.0
148958404, 73719, 4351, Timeline 1 (Base Interface), Timeline 1 (Base Interface), VIRAT_S_0100, 2, 2, 1, 4, 2, 2, 2, 5, 2, 4, 1, 3, 0, 1, 1, 3, 1, 0, 1, 1, 12, 30.0
148958404, 69411, 43, Timeline 3 (Event Blocks), Timeline 3 (Event Blocks), VIRAT_S_0102, 4, 2, 4, 2, 4, 2, 4, 2, 4, 4, 3, 3, 3, 3, 3, 3, 3, 3, 3, 1, 28, 70.0
148958404, 69803, 435, Timeline 5 (Event Thumbnails), Timeline 5 (Event Thumbnails), VIRAT_S_0400, 4, 2, 4, 2, 4, 2, 4, 2, 5, 2, 3, 3, 3, 3, 3, 3, 3, 3, 4, 3, 31, 77.5
148958404, 112880, 43512, Timeline 2 (Density Graph), Timeline 2 (Density Graph), VIRAT_S_0500, 4, 2, 2, 4, 4, 2, 2, 4, 2, 4, 3, 3, 1, 1, 3, 3, 1, 1, 1, 1, 18, 45.0
148904494, 73520, 4152, Timeline 2 (Density Graph), Timeline 2 (Density Graph), VIRAT_S_0002, 3, 2, 4, 1, 4, 2, 4, 2, 4, 1, 2, 3, 3, 4, 3, 3, 3, 3, 3, 4, 31, 77.5
148904494, 69409, 41, Timeline 1 (Base Interface), Timeline 1 (Base Interface), VIRAT_S_0100, 2, 2, 5, 1, 3, 2, 5, 2, 4, 1, 1, 3, 4, 4, 2, 3, 4, 3, 3, 4, 31, 77.5
148904494, 69372, 4, Timeline 4 (Density Graph + Event Blocks), Timeline 4 (Density Graph + Event Blocks), VIRAT_S_0102, 4, 2, 3, 3, 4, 2, 3, 2, 4, 4, 3, 3, 2, 2, 3, 3, 2, 3, 3, 1, 25, 62.5
148904494, 110891, 41523, Timeline 3 (Event Blocks), Timeline 3 (Event Blocks), VIRAT_S_0400, 4, 2, 4, 1, 4, 2, 4, 2, 5, 1, 3, 3, 3, 4, 3, 3, 3, 3, 4, 4, 33, 82.5
148904494, 69783, 415, Timeline 5 (Event Thumbnails), Timeline 5 (Event Thumbnails), VIRAT_S_0500, 5, 2, 5, 1, 4, 2, 5, 2, 5, 1, 4, 3, 4, 4, 3, 3, 4, 3, 4, 4, 36, 90.0
148822625, 93683, 24315, Timeline 5 (Event Thumbnails), Timeline 5 (Event Thumbnails), VIRAT_S_0002, 3, 2, 1, 4, 1, 3, 2, 1, 4, 1, 2, 3, 0, 1, 0, 2, 1, 4, 3, 4, 20, 50.0
148822625, 71799, 2431, Timeline 1 (Base Interface), Timeline 1 (Base Interface), VIRAT_S_0100, 1, 1, 4, 1, 3, 2, 5, 1, 2, 1, 0, 4, 3, 4, 2, 3, 4, 4, 1, 4, 29, 72.5
148822625, 69370, 2, Timeline 2 (Density Graph), Timeline 2 (Density Graph), VIRAT_S_0102, 4, 5, 4, 1, 4, 1, 4, 1, 4, 3, 3, 0, 3, 4, 3, 4, 3, 4, 3, 2, 29, 72.5
148822625, 69392, 24, Timeline 4 (Density Graph + Event Blocks), Timeline 4 (Density Graph + Event Blocks), VIRAT_S_0400, 5, 1, 5, 1, 5, 1, 4, 1, 5, 2, 4, 4, 4, 4, 4, 4, 3, 4, 4, 3, 38, 95.0
148822625, 69611, 243, Timeline 3 (Event Blocks), Timeline 3 (Event Blocks), VIRAT_S_0500, 5, 1, 4, 1, 5, 1, 4, 1, 5, 2, 4, 4, 3, 4, 4, 4, 3, 4, 4, 3, 37, 92.5
148796085, 69373, 5, Timeline 5 (Event Thumbnails), Timeline 5 (Event Thumbnails), VIRAT_S_0002, 3, 4, 3, 3, 2, 4, 3, 3, 3, 4, 2, 1, 2, 2, 1, 1, 2, 2, 2, 1, 16, 40.0
148796085, 69419, 51, Timeline 1 (Base Interface), Timeline 1 (Base Interface), VIRAT_S_0100, 1, 2, 1, 3, 3, 2, 4, 5, 1, 2, 0, 3, 0, 2, 2, 3, 3, 0, 0, 3, 16, 40.0
148796085, 69881, 513, Timeline 3 (Event Blocks), Timeline 3 (Event Blocks), VIRAT_S_0102, 2, 4, 2, 2, 2, 4, 1, 4, 3, 3, 1, 1, 1, 3, 1, 1, 0, 1, 2, 2, 13, 32.5
148796085, 120692, 51324, Timeline 4 (Density Graph + Event Blocks), Timeline 4 (Density Graph + Event Blocks), VIRAT_S_0400, 2, 5, 1, 4, 2, 4, 2, 4, 3, 3, 1, 0, 0, 1, 1, 1, 1, 1, 2, 2, 10, 25.0
148796085, 74500, 5132, Timeline 2 (Density Graph), Timeline 2 (Density Graph), VIRAT_S_0500, 2, 3, 4, 3, 3, 4, 4, 3, 2, 3, 1, 2, 3, 2, 2, 1, 3, 2, 1, 2, 19, 47.5
148786365, 69602, 234, Timeline 4 (Density Graph + Event Blocks), Timeline 4 (Density Graph + Event Blocks), VIRAT_S_0002, 4, 3, 4, 1, 3, 2, 4, 2, 3, 1, 3, 2, 3, 4, 2, 3, 3, 3, 2, 4, 29, 72.5
148786365, 69370, 2, Timeline 2 (Density Graph), Timeline 2 (Density Graph), VIRAT_S_0100, 2, 3, 2, 1, 3, 3, 4, 4, 3, 1, 1, 2, 1, 4, 2, 2, 3, 1, 2, 4, 22, 55.0
148786365, 69391, 23, Timeline 3 (Event Blocks), Timeline 3 (Event Blocks), VIRAT_S_0102, 4, 2, 4, 1, 3, 2, 4, 2, 4, 1, 3, 3, 3, 4, 2, 3, 3, 3, 3, 4, 31, 77.5
148786365, 71709, 2341, Timeline 1 (Base Interface), Timeline 1 (Base Interface), VIRAT_S_0400, 2, 2, 4, 1, 3, 3, 4, 4, 2, 1, 1, 3, 3, 4, 2, 2, 3, 1, 1, 4, 24, 60.0
148786365, 92783, 23415, Timeline 5 (Event Thumbnails), Timeline 5 (Event Thumbnails), VIRAT_S_0500, 5, 1, 5, 1, 5, 1, 5, 1, 5, 1, 4, 4, 4, 4, 4, 4, 4, 4, 4, 4, 40, 100.0
148784892, 72789, 3421, Timeline 1 (Base Interface), Timeline 5 (Event Thumbnails), VIRAT_S_0002, 2, 4, 2, 4, 3, 2, 2, 4, 2, 4, 1, 1, 1, 1, 2, 3, 1, 1, 1, 1, 13, 32.5
148784892, 69402, 34, Timeline 4 (Density Graph + Event Blocks), Timeline 5 (Event Thumbnails), VIRAT_S_0100, 3, 2, 4, 3, 4, 2, 3, 3, 3, 3, 2, 3, 3, 2, 3, 3, 2, 2, 2, 2, 24, 60.0
148784892, 103583, 34215, Timeline 5 (Event Thumbnails), Timeline 5 (Event Thumbnails), VIRAT_S_0102, 2, 2, 4, 2, 4, 2, 4, 2, 4, 2, 1, 3, 3, 3, 3, 3, 3, 3, 3, 3, 28, 70.0
148784892, 69371, 3, Timeline 3 (Event Blocks), Timeline 5 (Event Thumbnails), VIRAT_S_0400, 4, 2, 4, 2, 4, 2, 4, 3, 4, 2, 3, 3, 3, 3, 3, 3, 3, 2, 3, 3, 29, 72.5
148784892, 69710, 342, Timeline 2 (Density Graph), Timeline 5 (Event Thumbnails), VIRAT_S_0500, 2, 2, 3, 4, 4, 2, 4, 3, 3, 3, 1, 3, 2, 1, 3, 3, 3, 2, 2, 2, 22, 55.0
148768751, 69622, 254, Timeline 4 (Density Graph + Event Blocks), Timeline 4 (Density Graph + Event Blocks), VIRAT_S_0002, 2, 3, 4, 1, 2, 1, 3, 3, 3, 1, 1, 2, 3, 4, 1, 4, 2, 2, 2, 4, 25, 62.5
148768751, 69370, 2, Timeline 2 (Density Graph), Timeline 2 (Density Graph), VIRAT_S_0100, 4, 1, 3, 1, 4, 1, 5, 3, 5, 2, 3, 4, 2, 4, 3, 4, 4, 2, 4, 3, 33, 82.5
148768751, 69393, 25, Timeline 5 (Event Thumbnails), Timeline 5 (Event Thumbnails), VIRAT_S_0102, 5, 1, 5, 1, 5, 1, 5, 1, 5, 1, 4, 4, 4, 4, 4, 4, 4, 4, 4, 4, 40, 100.0
148768751, 71911, 2543, Timeline 3 (Event Blocks), Timeline 3 (Event Blocks), VIRAT_S_0400, 2, 2, 4, 1, 2, 1, 4, 2, 4, 2, 1, 3, 3, 4, 1, 4, 3, 3, 3, 3, 28, 70.0
148768751, 94799, 25431, Timeline 1 (Base Interface), Timeline 1 (Base Interface), VIRAT_S_0500, 1, 1, 5, 1, 5, 1, 5, 4, 5, 1, 0, 4, 4, 4, 4, 4, 4, 1, 4, 4, 33, 82.5
148743058, 74680, 5312, Timeline 2 (Density Graph), Timeline 2 (Density Graph), VIRAT_S_0002, 2, 5, 2, 5, 2, 5, 5, 2, 2, 2, 1, 0, 1, 0, 1, 0, 4, 3, 1, 3, 14, 35.0
148743058, 69421, 53, Timeline 3 (Event Blocks), Timeline 2 (Density Graph), VIRAT_S_0100, 3, 5, 1, 5, 1, 5, 3, 5, 3, 5, 2, 0, 0, 0, 0, 0, 2, 0, 2, 0, 6, 15.0
148743058, 122492, 53124, Timeline 4 (Density Graph + Event Blocks), Timeline 1 (Base Interface), VIRAT_S_0102, 2, 5, 2, 5, 2, 5, 5, 5, 5, 2, 1, 0, 1, 0, 1, 0, 4, 0, 4, 3, 14, 35.0
148743058, 69373, 5, Timeline 5 (Event Thumbnails), Timeline 1 (Base Interface), VIRAT_S_0400, 3, 4, 3, 4, 3, 5, 5, 5, 5, 1, 2, 1, 2, 1, 2, 0, 4, 0, 4, 4, 20, 50.0
148743058, 69899, 531, Timeline 1 (Base Interface), Timeline 3 (Event Blocks), VIRAT_S_0500, 3, 2, 2, 4, 4, 4, 4, 4, 4, 4, 2, 3, 1, 1, 3, 1, 3, 1, 3, 1, 19, 47.5
148558714, 72582, 3214, Timeline 4 (Density Graph + Event Blocks), Timeline 4 (Density Graph + Event Blocks), VIRAT_S_0002, 4, 2, 4, 2, 4, 2, 2, 2, 4, 3, 3, 3, 3, 3, 3, 3, 1, 3, 3, 2, 27, 67.5
148558714, 69689, 321, Timeline 1 (Base Interface), Timeline 1 (Base Interface), VIRAT_S_0100, 2, 1, 4, 2, 3, 3, 4, 4, 2, 2, 1, 4, 3, 3, 2, 2, 3, 1, 1, 3, 23, 57.5
148558714, 69400, 32, Timeline 2 (Density Graph), Timeline 2 (Density Graph), VIRAT_S_0102, 3, 2, 4, 2, 4, 2, 3, 4, 3, 3, 2, 3, 3, 3, 3, 3, 2, 1, 2, 2, 24, 60.0
148558714, 101513, 32145, Timeline 5 (Event Thumbnails), Timeline 5 (Event Thumbnails), VIRAT_S_0400, 5, 2, 4, 2, 4, 1, 4, 1, 4, 2, 4, 3, 3, 3, 3, 4, 3, 4, 3, 3, 33, 82.5
148558714, 69371, 3, Timeline 3 (Event Blocks), Timeline 3 (Event Blocks), VIRAT_S_0500, 4, 1, 5, 2, 4, 2, 4, 2, 4, 2, 3, 4, 4, 3, 3, 3, 3, 3, 3, 3, 32, 80.0
148552210, 74709, 5341, Timeline 1 (Base Interface), Timeline 1 (Base Interface), VIRAT_S_0002, 3, 3, 4, 1, 4, 2, 2, 2, 4, 2, 2, 2, 3, 4, 3, 3, 1, 3, 3, 3, 27, 67.5
148552210, 69421, 53, Timeline 3 (Event Blocks), Timeline 2 (Density Graph), VIRAT_S_0100, 2, 3, 3, 3, 3, 4, 2, 4, 2, 3, 1, 2, 2, 2, 2, 1, 1, 1, 1, 2, 15, 37.5
148552210, 69902, 534, Timeline 4 (Density Graph + Event Blocks), Timeline 4 (Density Graph + Event Blocks), VIRAT_S_0102, 4, 2, 4, 2, 3, 3, 4, 3, 4, 2, 3, 3, 3, 3, 2, 2, 3, 2, 3, 3, 27, 67.5
148552210, 122780, 53412, Timeline 2 (Density Graph), Timeline 3 (Event Blocks), VIRAT_S_0400, 4, 3, 4, 2, 4, 2, 4, 2, 3, 2, 3, 2, 3, 3, 3, 3, 3, 3, 2, 3, 28, 70.0
148552210, 69373, 5, Timeline 5 (Event Thumbnails), Timeline 5 (Event Thumbnails), VIRAT_S_0500, 3, 4, 2, 3, 2, 3, 2, 4, 3, 4, 2, 1, 1, 2, 1, 2, 1, 1, 2, 1, 14, 35.0
148551719, 69422, 54, Timeline 4 (Density Graph + Event Blocks), Timeline 4 (Density Graph + Event Blocks), VIRAT_S_0002, 2, 4, 4, 2, 5, 2, 2, 5, 3, 3, 1, 1, 3, 3, 4, 3, 1, 0, 2, 2, 20, 50.0
148551719, 123599, 54231, Timeline 1 (Base Interface), Timeline 1 (Base Interface), VIRAT_S_0100, 1, 2, 4, 1, 2, 2, 4, 5, 1, 4, 0, 3, 3, 4, 1, 3, 3, 0, 0, 1, 18, 45.0
148551719, 69373, 5, Timeline 5 (Event Thumbnails), Timeline 3 (Event Blocks), VIRAT_S_0102, 5, 2, 4, 1, 5, 1, 5, 2, 4, 1, 4, 3, 3, 4, 4, 4, 4, 3, 3, 4, 36, 90.0
148551719, 69910, 542, Timeline 2 (Density Graph), Timeline 2 (Density Graph), VIRAT_S_0400, 4, 2, 1, 5, 5, 2, 5, 2, 5, 2, 3, 3, 0, 0, 4, 3, 4, 3, 4, 3, 27, 67.5
148551719, 74791, 5423, Timeline 3 (Event Blocks), Timeline 3 (Event Blocks), VIRAT_S_0500, 5, 1, 5, 2, 5, 1, 5, 2, 5, 1, 4, 4, 4, 3, 4, 4, 4, 3, 4, 4, 38, 95.0
148547931, 69370, 2, Timeline 2 (Density Graph), Timeline 2 (Density Graph), VIRAT_S_0002, 4, 2, 4, 2, 4, 2, 5, 2, 4, 1, 3, 3, 3, 3, 3, 3, 4, 3, 3, 4, 32, 80.0
148547931, 69393, 25, Timeline 5 (Event Thumbnails), Timeline 5 (Event Thumbnails), VIRAT_S_0100, 5, 1, 4, 2, 5, 2, 5, 2, 4, 2, 4, 4, 3, 3, 4, 3, 4, 3, 3, 3, 34, 85.0
148547931, 69619, 251, Timeline 1 (Base Interface), Timeline 1 (Base Interface), VIRAT_S_0102, 2, 1, 5, 1, 4, 2, 5, 4, 4, 1, 1, 4, 4, 4, 3, 3, 4, 1, 3, 4, 31, 77.5
148547931, 71882, 2514, Timeline 4 (Density Graph + Event Blocks), Timeline 4 (Density Graph + Event Blocks), VIRAT_S_0400, 3, 3, 4, 4, 2, 4, 2, 4, 3, 3, 2, 2, 3, 1, 1, 1, 1, 1, 2, 2, 16, 40.0
148547931, 94511, 25143, Timeline 3 (Event Blocks), Timeline 3 (Event Blocks), VIRAT_S_0500, 3, 2, 4, 2, 4, 5, 4, 2, 4, 1, 2, 3, 3, 3, 3, 0, 3, 3, 3, 4, 27, 67.5
148516311, 74791, 5423, Timeline 3 (Event Blocks), Timeline 3 (Event Blocks), VIRAT_S_0002, 3, 2, 4, 1, 4, 2, 3, 4, 4, 2, 2, 3, 3, 4, 3, 3, 2, 1, 3, 3, 27, 67.5
148516311, 69910, 542, Timeline 2 (Density Graph), Timeline 2 (Density Graph), VIRAT_S_0100, 2, 2, 3, 1, 2, 2, 4, 5, 3, 1, 1, 3, 2, 4, 1, 3, 3, 0, 2, 4, 23, 57.5
148516311, 69373, 5, Timeline 5 (Event Thumbnails), Timeline 5 (Event Thumbnails), VIRAT_S_0102, 4, 2, 4, 1, 3, 2, 4, 4, 5, 1, 3, 3, 3, 4, 2, 3, 3, 1, 4, 4, 30, 75.0
148516311, 123599, 54231, Timeline 1 (Base Interface), Timeline 1 (Base Interface), VIRAT_S_0400, 1, 1, 4, 1, 2, 2, 4, 5, 4, 2, 0, 4, 3, 4, 1, 3, 3, 0, 3, 3, 24, 60.0
148516311, 69422, 54, Timeline 4 (Density Graph + Event Blocks), Timeline 4 (Density Graph + Event Blocks), VIRAT_S_0500, 3, 2, 4, 2, 3, 4, 3, 2, 2, 2, 2, 3, 3, 3, 2, 1, 2, 3, 1, 3, 23, 57.5
148506658, 69413, 45, Timeline 5 (Event Thumbnails), Timeline 4 (Density Graph + Event Blocks), VIRAT_S_0002, 4, 2, 4, 2, 4, 2, 4, 2, 4, 2, 3, 3, 3, 3, 3, 3, 3, 3, 3, 3, 30, 75.0
148506658, 73880, 4512, Timeline 2 (Density Graph), Timeline 2 (Density Graph), VIRAT_S_0100, 2, 2, 2, 2, 4, 2, 4, 4, 2, 3, 1, 3, 1, 3, 3, 3, 3, 1, 1, 2, 21, 52.5
148506658, 69372, 4, Timeline 4 (Density Graph + Event Blocks), Timeline 4 (Density Graph + Event Blocks), VIRAT_S_0102, 4, 2, 4, 2, 4, 1, 5, 1, 4, 2, 3, 3, 3, 3, 3, 4, 4, 4, 3, 3, 33, 82.5
148506658, 69368, 0, Other, Timeline 5 (Event Thumbnails), VIRAT_S_0400, 4, 2, 4, 2, 2, 2, 5, 1, 3, 2, 3, 3, 3, 3, 1, 3, 4, 4, 2, 3, 29, 72.5
148506658, 69819, 451, Timeline 1 (Base Interface), Timeline 1 (Base Interface), VIRAT_S_0500, 2, 2, 2, 2, 3, 2, 4, 4, 2, 4, 1, 3, 1, 3, 2, 3, 3, 1, 1, 1, 19, 47.5
148463769, 74511, 5143, Timeline 3 (Event Blocks), Timeline 3 (Event Blocks), VIRAT_S_0002, 2, 3, 3, 2, 3, 2, 2, 2, 3, 2, 1, 2, 2, 3, 2, 3, 1, 3, 2, 3, 22, 55.0
148463769, 69882, 514, Timeline 4 (Density Graph + Event Blocks), Timeline 4 (Density Graph + Event Blocks), VIRAT_S_0100, 2, 4, 4, 2, 3, 2, 2, 3, 3, 2, 1, 1, 3, 3, 2, 3, 1, 2, 2, 3, 21, 52.5
148463769, 120800, 51432, Timeline 2 (Density Graph), Timeline 2 (Density Graph), VIRAT_S_0102, 2, 3, 2, 2, 2, 3, 3, 4, 3, 2, 1, 2, 1, 3, 1, 2, 2, 1, 2, 3, 18, 45.0
148463769, 69373, 5, Timeline 5 (Event Thumbnails), Timeline 5 (Event Thumbnails), VIRAT_S_0400, 4, 2, 4, 2, 4, 2, 4, 2, 4, 2, 3, 3, 3, 3, 3, 3, 3, 3, 3, 3, 30, 75.0
148463769, 69419, 51, Timeline 1 (Base Interface), Timeline 1 (Base Interface), VIRAT_S_0500, 2, 2, 4, 2, 2, 3, 4, 4, 2, 2, 1, 3, 3, 3, 1, 2, 3, 1, 1, 3, 21, 52.5
148457705, 69410, 42, Timeline 2 (Density Graph), Timeline 2 (Density Graph), VIRAT_S_0002, 4, 2, 4, 2, 4, 2, 4, 5, 4, 2, 3, 3, 3, 3, 3, 3, 3, 0, 3, 3, 27, 67.5
148457705, 69793, 425, Timeline 5 (Event Thumbnails), Timeline 5 (Event Thumbnails), VIRAT_S_0100, 4, 3, 4, 2, 2, 2, 4, 4, 4, 2, 3, 2, 3, 3, 1, 3, 3, 1, 3, 3, 25, 62.5
148457705, 111899, 42531, Timeline 1 (Base Interface), Timeline 1 (Base Interface), VIRAT_S_0102, 2, 2, 2, 2, 4, 3, 4, 5, 4, 2, 1, 3, 1, 3, 3, 2, 3, 0, 3, 3, 22, 55.0
148457705, 73621, 4253, Timeline 3 (Event Blocks), Timeline 3 (Event Blocks), VIRAT_S_0400, 4, 2, 4, 2, 5, 2, 4, 1, 4, 2, 3, 3, 3, 3, 4, 3, 3, 4, 3, 3, 32, 80.0
148457705, 69372, 4, Timeline 4 (Density Graph + Event Blocks), Timeline 3 (Event Blocks), VIRAT_S_0500, 4, 2, 4, 2, 4, 2, 5, 2, 4, 2, 3, 3, 3, 3, 3, 3, 4, 3, 3, 3, 31, 77.5
148379134, 69680, 312, Timeline 2 (Density Graph), Timeline 2 (Density Graph), VIRAT_S_0002, 1, 4, 2, 5, 3, 4, 2, 5, 2, 4, 0, 1, 1, 0, 2, 1, 1, 0, 1, 1, 8, 20.0
148379134, 100613, 31245, Timeline 5 (Event Thumbnails), Timeline 5 (Event Thumbnails), VIRAT_S_0100, 2, 2, 3, 5, 3, 2, 2, 4, 3, 4, 1, 3, 2, 0, 2, 3, 1, 1, 2, 1, 16, 40.0
148379134, 72492, 3124, Timeline 4 (Density Graph + Event Blocks), Timeline 4 (Density Graph + Event Blocks), VIRAT_S_0102, 4, 2, 4, 2, 4, 2, 4, 1, 4, 4, 3, 3, 3, 3, 3, 3, 3, 4, 3, 1, 29, 72.5
148379134, 69399, 31, Timeline 1 (Base Interface), Timeline 1 (Base Interface), VIRAT_S_0400, 1, 3, 3, 4, 4, 2, 2, 5, 2, 2, 0, 2, 2, 1, 3, 3, 1, 0, 1, 3, 16, 40.0
148379134, 69371, 3, Timeline 3 (Event Blocks), Timeline 3 (Event Blocks), VIRAT_S_0500, 3, 2, 4, 2, 4, 2, 4, 2, 4, 4, 2, 3, 3, 3, 3, 3, 3, 3, 3, 1, 27, 67.5
148377252, 69368, 0, Other, Timeline 2 (Density Graph), VIRAT_S_0002, 3, 3, 3, 3, 3, 3, 3, 3, 3, 3, 2, 2, 2, 2, 2, 2, 2, 2, 2, 2, 20, 50.0
148377252, 69368, 0, Other, Timeline 5 (Event Thumbnails), VIRAT_S_0100, 3, 3, 3, 3, 3, 3, 3, 3, 3, 3, 2, 2, 2, 2, 2, 2, 2, 2, 2, 2, 20, 50.0
148377252, 69368, 0, Other, Timeline 1 (Base Interface), VIRAT_S_0102, 3, 3, 3, 3, 3, 3, 3, 3, 3, 3, 2, 2, 2, 2, 2, 2, 2, 2, 2, 2, 20, 50.0
148377252, 69368, 0, Other, Timeline 5 (Event Thumbnails), VIRAT_S_0400, 3, 3, 3, 3, 3, 3, 3, 3, 3, 3, 2, 2, 2, 2, 2, 2, 2, 2, 2, 2, 20, 50.0
148377252, 69368, 0, Other, Timeline 3 (Event Blocks), VIRAT_S_0500, 3, 3, 3, 3, 3, 3, 3, 3, 3, 3, 2, 2, 2, 2, 2, 2, 2, 2, 2, 2, 20, 50.0
148367695, 69368, 0, Other, Timeline 3 (Event Blocks), VIRAT_S_0002, 1, 4, 3, 4, 3, 4, 3, 4, 3, 4, 0, 1, 2, 1, 2, 1, 2, 1, 2, 1, 13, 32.5
148367695, 69393, 25, Timeline 5 (Event Thumbnails), Timeline 3 (Event Blocks), VIRAT_S_0100, 3, 3, 3, 3, 3, 3, 3, 3, 3, 3, 2, 2, 2, 2, 2, 2, 2, 2, 2, 2, 20, 50.0
148367695, 69368, 0, Other, Timeline 1 (Base Interface), VIRAT_S_0102, 3, 3, 3, 3, 3, 3, 3, 3, 3, 3, 2, 2, 2, 2, 2, 2, 2, 2, 2, 2, 20, 50.0
148367695, 69370, 2, Timeline 2 (Density Graph), Timeline 1 (Base Interface), VIRAT_S_0400, 3, 3, 3, 3, 3, 3, 3, 3, 3, 3, 2, 2, 2, 2, 2, 2, 2, 2, 2, 2, 20, 50.0
148367695, 69368, 0, Other, Timeline 3 (Event Blocks), VIRAT_S_0500, 3, 2, 4, 2, 4, 3, 4, 2, 4, 2, 2, 3, 3, 3, 3, 2, 3, 3, 3, 3, 28, 70.0
148355343, 71682, 2314, Timeline 4 (Density Graph + Event Blocks), Timeline 1 (Base Interface), VIRAT_S_0002, 4, 2, 4, 2, 4, 2, 4, 2, 4, 2, 3, 3, 3, 3, 3, 3, 3, 3, 3, 3, 30, 75.0
148355343, 92513, 23145, Timeline 5 (Event Thumbnails), Timeline 1 (Base Interface), VIRAT_S_0100, 4, 2, 4, 2, 4, 2, 4, 2, 4, 2, 3, 3, 3, 3, 3, 3, 3, 3, 3, 3, 30, 75.0
148355343, 69599, 231, Timeline 1 (Base Interface), Timeline 2 (Density Graph), VIRAT_S_0102, 4, 2, 4, 2, 4, 2, 4, 2, 4, 2, 3, 3, 3, 3, 3, 3, 3, 3, 3, 3, 30, 75.0
148355343, 69370, 2, Timeline 2 (Density Graph), Timeline 1 (Base Interface), VIRAT_S_0400, 3, 2, 4, 2, 4, 2, 4, 2, 4, 2, 2, 3, 3, 3, 3, 3, 3, 3, 3, 3, 29, 72.5
148355343, 69391, 23, Timeline 3 (Event Blocks), Timeline 1 (Base Interface), VIRAT_S_0500, 4, 4, 4, 2, 4, 2, 4, 2, 4, 2, 3, 1, 3, 3, 3, 3, 3, 3, 3, 3, 28, 70.0
148250834, 69611, 243, Timeline 3 (Event Blocks), Timeline 3 (Event Blocks), VIRAT_S_0002, 5, 2, 4, 2, 4, 1, 4, 2, 5, 2, 4, 3, 3, 3, 3, 4, 3, 3, 4, 3, 33, 82.5
148250834, 93719, 24351, Timeline 1 (Base Interface), Timeline 1 (Base Interface), VIRAT_S_0100, 3, 1, 4, 1, 4, 1, 5, 5, 2, 1, 2, 4, 3, 4, 3, 4, 4, 0, 1, 4, 29, 72.5
148250834, 69370, 2, Timeline 2 (Density Graph), Timeline 2 (Density Graph), VIRAT_S_0102, 4, 2, 4, 1, 4, 2, 5, 4, 4, 2, 3, 3, 3, 4, 3, 3, 4, 1, 3, 3, 30, 75.0
148250834, 69392, 24, Timeline 4 (Density Graph + Event Blocks), Timeline 4 (Density Graph + Event Blocks), VIRAT_S_0400, 5, 3, 4, 2, 4, 2, 4, 2, 5, 1, 4, 2, 3, 3, 3, 3, 3, 3, 4, 4, 32, 80.0
148250834, 71803, 2435, Timeline 5 (Event Thumbnails), Timeline 5 (Event Thumbnails), VIRAT_S_0500, 5, 2, 5, 1, 4, 2, 4, 1, 5, 2, 4, 3, 4, 4, 3, 3, 3, 4, 4, 3, 35, 87.5
148242096, 69510, 142, Timeline 2 (Density Graph), Timeline 2 (Density Graph), VIRAT_S_0002, 2, 3, 2, 2, 2, 3, 4, 4, 3, 2, 1, 2, 1, 3, 1, 2, 3, 1, 2, 3, 19, 47.5
148242096, 70791, 1423, Timeline 3 (Event Blocks), Timeline 3 (Event Blocks), VIRAT_S_0100, 4, 2, 4, 2, 4, 2, 4, 2, 4, 2, 3, 3, 3, 3, 3, 3, 3, 3, 3, 3, 30, 75.0
148242096, 69382, 14, Timeline 4 (Density Graph + Event Blocks), Timeline 4 (Density Graph + Event Blocks), VIRAT_S_0102, 4, 2, 4, 2, 4, 2, 4, 2, 4, 2, 3, 3, 3, 3, 3, 3, 3, 3, 3, 3, 30, 75.0
148242096, 69369, 1, Timeline 1 (Base Interface), Timeline 1 (Base Interface), VIRAT_S_0400, 4, 2, 4, 2, 4, 2, 4, 2, 4, 2, 3, 3, 3, 3, 3, 3, 3, 3, 3, 3, 30, 75.0
148242096, 83603, 14235, Timeline 5 (Event Thumbnails), Timeline 5 (Event Thumbnails), VIRAT_S_0500, 4, 2, 4, 2, 4, 2, 4, 2, 4, 2, 3, 3, 3, 3, 3, 3, 3, 3, 3, 3, 30, 75.0
148225108, 69372, 4, Timeline 4 (Density Graph + Event Blocks), Timeline 4 (Density Graph + Event Blocks), VIRAT_S_0002, 3, 4, 4, 4, 4, 4, 3, 3, 3, 3, 2, 1, 3, 1, 3, 1, 2, 2, 2, 2, 19, 47.5
148225108, 73881, 4513, Timeline 3 (Event Blocks), Timeline 3 (Event Blocks), VIRAT_S_0100, 4, 4, 4, 4, 4, 4, 2, 3, 3, 3, 3, 1, 3, 1, 3, 1, 1, 2, 2, 2, 19, 47.5
148225108, 69413, 45, Timeline 5 (Event Thumbnails), Timeline 1 (Base Interface), VIRAT_S_0102, 4, 4, 4, 4, 4, 3, 3, 2, 2, 2, 3, 1, 3, 1, 3, 2, 2, 3, 1, 3, 22, 55.0
148225108, 69819, 451, Timeline 1 (Base Interface), Timeline 1 (Base Interface), VIRAT_S_0400, 4, 4, 4, 4, 4, 4, 4, 2, 2, 2, 3, 1, 3, 1, 3, 1, 3, 3, 1, 3, 22, 55.0
148225108, 114500, 45132, Timeline 2 (Density Graph), Timeline 2 (Density Graph), VIRAT_S_0500, 4, 4, 4, 4, 4, 4, 4, 2, 4, 3, 3, 1, 3, 1, 3, 1, 3, 3, 3, 2, 23, 57.5
148191331, 69491, 123, Timeline 3 (Event Blocks), Timeline 3 (Event Blocks), VIRAT_S_0002, 1, 4, 1, 1, 1, 5, 1, 4, 1, 1, 0, 1, 0, 4, 0, 0, 0, 1, 0, 4, 10, 25.0
148191331, 69380, 12, Timeline 2 (Density Graph), Timeline 2 (Density Graph), VIRAT_S_0100, 3, 2, 4, 1, 4, 4, 1, 4, 3, 1, 2, 3, 3, 4, 3, 1, 0, 1, 2, 4, 23, 57.5
148191331, 69369, 1, Timeline 1 (Base Interface), Timeline 1 (Base Interface), VIRAT_S_0102, 2, 1, 4, 1, 3, 4, 4, 4, 3, 1, 1, 4, 3, 4, 2, 1, 3, 1, 2, 4, 25, 62.5
148191331, 81722, 12354, Timeline 4 (Density Graph + Event Blocks), Timeline 4 (Density Graph + Event Blocks), VIRAT_S_0400, 4, 4, 4, 1, 4, 2, 2, 3, 4, 1, 3, 1, 3, 4, 3, 3, 1, 2, 3, 4, 27, 67.5
148191331, 70603, 1235, Timeline 5 (Event Thumbnails), Timeline 5 (Event Thumbnails), VIRAT_S_0500, 5, 1, 5, 1, 5, 1, 4, 1, 5, 1, 4, 4, 4, 4, 4, 4, 3, 4, 4, 4, 39, 97.5
148121549, 69520, 152, Timeline 2 (Density Graph), Timeline 4 (Density Graph + Event Blocks), VIRAT_S_0002, 3, 4, 5, 3, 4, 3, 5, 3, 3, 3, 2, 1, 4, 2, 3, 2, 4, 2, 2, 2, 24, 60.0
148121549, 84611, 15243, Timeline 3 (Event Blocks), Timeline 4 (Density Graph + Event Blocks), VIRAT_S_0100, 4, 4, 5, 3, 4, 4, 3, 5, 3, 4, 3, 1, 4, 2, 3, 1, 2, 0, 2, 1, 19, 47.5
148121549, 70892, 1524, Timeline 4 (Density Graph + Event Blocks), Timeline 4 (Density Graph + Event Blocks), VIRAT_S_0102, 4, 5, 2, 5, 5, 4, 3, 5, 4, 3, 3, 0, 1, 0, 4, 1, 2, 0, 3, 2, 16, 40.0
148121549, 69383, 15, Timeline 5 (Event Thumbnails), Timeline 4 (Density Graph + Event Blocks), VIRAT_S_0400, 3, 4, 5, 5, 4, 4, 3, 3, 4, 4, 2, 1, 4, 0, 3, 1, 2, 2, 3, 1, 19, 47.5
148121549, 69369, 1, Timeline 1 (Base Interface), Timeline 4 (Density Graph + Event Blocks), VIRAT_S_0500, 4, 5, 5, 4, 4, 3, 3, 4, 4, 3, 3, 0, 4, 1, 3, 2, 2, 1, 3, 2, 21, 52.5
148121544, 69582, 214, Timeline 4 (Density Graph + Event Blocks), Timeline 4 (Density Graph + Event Blocks), VIRAT_S_0002, 3, 3, 4, 4, 5, 5, 3, 4, 3, 4, 2, 2, 3, 1, 4, 0, 2, 1, 2, 1, 18, 45.0
148121544, 69370, 2, Timeline 2 (Density Graph), Timeline 4 (Density Graph + Event Blocks), VIRAT_S_0100, 3, 4, 5, 4, 4, 3, 3, 4, 5, 4, 2, 1, 4, 1, 3, 2, 2, 1, 4, 1, 21, 52.5
148121544, 90821, 21453, Timeline 3 (Event Blocks), Timeline 4 (Density Graph + Event Blocks), VIRAT_S_0102, 3, 3, 5, 3, 5, 4, 4, 5, 3, 4, 2, 2, 4, 2, 4, 1, 3, 0, 2, 1, 21, 52.5
148121544, 71513, 2145, Timeline 5 (Event Thumbnails), Timeline 4 (Density Graph + Event Blocks), VIRAT_S_0400, 3, 5, 3, 4, 4, 3, 5, 4, 3, 4, 2, 0, 2, 1, 3, 2, 4, 1, 2, 1, 18, 45.0
148121544, 69389, 21, Timeline 1 (Base Interface), Timeline 5 (Event Thumbnails), VIRAT_S_0500, 3, 4, 4, 5, 5, 4, 4, 3, 3, 4, 2, 1, 3, 0, 4, 1, 3, 2, 2, 1, 19, 47.5
148121371, 101909, 32541, Timeline 1 (Base Interface), Timeline 3 (Event Blocks), VIRAT_S_0002, 3, 5, 5, 4, 4, 3, 3, 4, 4, 4, 2, 0, 4, 1, 3, 2, 2, 1, 3, 1, 19, 47.5
148121371, 69400, 32, Timeline 2 (Density Graph), Timeline 3 (Event Blocks), VIRAT_S_0100, 3, 4, 5, 4, 4, 3, 3, 3, 4, 4, 2, 1, 4, 1, 3, 2, 2, 2, 3, 1, 21, 52.5
148121371, 72622, 3254, Timeline 4 (Density Graph + Event Blocks), Timeline 4 (Density Graph + Event Blocks), VIRAT_S_0102, 4, 5, 5, 4, 4, 3, 3, 4, 4, 3, 3, 0, 4, 1, 3, 2, 2, 1, 3, 2, 21, 52.5
148121371, 69693, 325, Timeline 5 (Event Thumbnails), Timeline 5 (Event Thumbnails), VIRAT_S_0400, 5, 5, 4, 4, 3, 3, 4, 4, 3, 4, 4, 0, 3, 1, 2, 2, 3, 1, 2, 1, 19, 47.5
148121371, 69371, 3, Timeline 3 (Event Blocks), Timeline 3 (Event Blocks), VIRAT_S_0500, 5, 4, 4, 3, 3, 3, 4, 5, 4, 4, 4, 1, 3, 2, 2, 2, 3, 0, 3, 1, 21, 52.5
148121369, 69373, 5, Timeline 5 (Event Thumbnails), Timeline 2 (Density Graph), VIRAT_S_0002, 2, 3, 4, 5, 4, 4, 3, 3, 4, 4, 1, 2, 3, 0, 3, 1, 2, 2, 3, 1, 18, 45.0
148121369, 74709, 5341, Timeline 1 (Base Interface), Timeline 5 (Event Thumbnails), VIRAT_S_0100, 3, 5, 4, 4, 3, 3, 3, 4, 4, 4, 2, 0, 3, 1, 2, 2, 2, 1, 3, 1, 17, 42.5
148121369, 69421, 53, Timeline 3 (Event Blocks), Timeline 4 (Density Graph + Event Blocks), VIRAT_S_0102, 4, 5, 5, 4, 4, 3, 3, 4, 4, 4, 3, 0, 4, 1, 3, 2, 2, 1, 3, 1, 20, 50.0
148121369, 69902, 534, Timeline 4 (Density Graph + Event Blocks), Timeline 5 (Event Thumbnails), VIRAT_S_0400, 4, 5, 4, 4, 3, 3, 4, 4, 5, 4, 3, 0, 3, 1, 2, 2, 3, 1, 4, 1, 20, 50.0
148121369, 122780, 53412, Timeline 2 (Density Graph), Timeline 5 (Event Thumbnails), VIRAT_S_0500, 3, 4, 5, 5, 4, 4, 3, 3, 4, 4, 2, 1, 4, 0, 3, 1, 2, 2, 3, 1, 19, 47.5
148088832, 69373, 5, Timeline 5 (Event Thumbnails), Timeline 3 (Event Blocks), VIRAT_S_0002, 2, 2, 4, 1, 2, 2, 4, 4, 4, 1, 1, 3, 3, 4, 1, 3, 3, 1, 3, 4, 26, 65.0
148088832, 123689, 54321, Timeline 1 (Base Interface), Timeline 1 (Base Interface), VIRAT_S_0100, 1, 2, 4, 1, 1, 1, 4, 5, 1, 1, 0, 3, 3, 4, 0, 4, 3, 0, 0, 4, 21, 52.5
148088832, 74800, 5432, Timeline 2 (Density Graph), Timeline 2 (Density Graph), VIRAT_S_0102, 2, 2, 2, 1, 2, 2, 4, 5, 3, 1, 1, 3, 1, 4, 1, 3, 3, 0, 2, 4, 22, 55.0
148088832, 69422, 54, Timeline 4 (Density Graph + Event Blocks), Timeline 4 (Density Graph + Event Blocks), VIRAT_S_0400, 4, 2, 4, 1, 4, 2, 4, 2, 5, 1, 3, 3, 3, 4, 3, 3, 3, 3, 4, 4, 33, 82.5
148088832, 69911, 543, Timeline 3 (Event Blocks), Timeline 3 (Event Blocks), VIRAT_S_0500, 3, 2, 4, 1, 3, 2, 4, 2, 4, 1, 2, 3, 3, 4, 2, 3, 3, 3, 3, 4, 30, 75.0
148087855, 69513, 145, Timeline 5 (Event Thumbnails), Timeline 5 (Event Thumbnails), VIRAT_S_0002, 5, 1, 5, 1, 5, 1, 5, 1, 5, 1, 4, 4, 4, 4, 4, 4, 4, 4, 4, 4, 40, 100.0
148087855, 70820, 1452, Timeline 2 (Density Graph), Timeline 2 (Density Graph), VIRAT_S_0100, 5, 1, 5, 1, 5, 1, 5, 1, 5, 1, 4, 4, 4, 4, 4, 4, 4, 4, 4, 4, 40, 100.0
148087855, 69382, 14, Timeline 4 (Density Graph + Event Blocks), Timeline 4 (Density Graph + Event Blocks), VIRAT_S_0102, 5, 1, 5, 1, 5, 1, 5, 1, 5, 1, 4, 4, 4, 4, 4, 4, 4, 4, 4, 4, 40, 100.0
148087855, 83891, 14523, Timeline 3 (Event Blocks), Timeline 3 (Event Blocks), VIRAT_S_0400, 5, 1, 5, 1, 5, 1, 5, 1, 5, 1, 4, 4, 4, 4, 4, 4, 4, 4, 4, 4, 40, 100.0
148087855, 69369, 1, Timeline 1 (Base Interface), Timeline 1 (Base Interface), VIRAT_S_0500, 3, 1, 5, 1, 4, 1, 5, 1, 5, 1, 2, 4, 4, 4, 3, 4, 4, 4, 4, 4, 37, 92.5
148072624, 69609, 241, Timeline 1 (Base Interface), Timeline 1 (Base Interface), VIRAT_S_0002, 4, 2, 4, 2, 4, 2, 4, 2, 4, 2, 3, 3, 3, 3, 3, 3, 3, 3, 3, 3, 30, 75.0
148072624, 71783, 2415, Timeline 5 (Event Thumbnails), Timeline 5 (Event Thumbnails), VIRAT_S_0100, 4, 2, 4, 2, 4, 2, 4, 2, 4, 2, 3, 3, 3, 3, 3, 3, 3, 3, 3, 3, 30, 75.0
148072624, 69392, 24, Timeline 4 (Density Graph + Event Blocks), Timeline 2 (Density Graph), VIRAT_S_0102, 5, 2, 4, 2, 4, 2, 4, 2, 4, 2, 4, 3, 3, 3, 3, 3, 3, 3, 3, 3, 31, 77.5
148072624, 69370, 2, Timeline 2 (Density Graph), Timeline 2 (Density Graph), VIRAT_S_0400, 4, 2, 4, 2, 4, 2, 4, 2, 4, 3, 3, 3, 3, 3, 3, 3, 3, 3, 3, 2, 29, 72.5
148072624, 93521, 24153, Timeline 3 (Event Blocks), Timeline 3 (Event Blocks), VIRAT_S_0500, 4, 2, 4, 2, 4, 2, 4, 2, 4, 2, 3, 3, 3, 3, 3, 3, 3, 3, 3, 3, 30, 75.0
148063804, 70800, 1432, Timeline 2 (Density Graph), Timeline 2 (Density Graph), VIRAT_S_0002, 2, 2, 3, 2, 2, 2, 2, 2, 2, 2, 1, 3, 2, 3, 1, 3, 1, 3, 1, 3, 21, 52.5
148063804, 69511, 143, Timeline 3 (Event Blocks), Timeline 2 (Density Graph), VIRAT_S_0100, 4, 2, 2, 2, 2, 2, 2, 2, 2, 2, 3, 3, 1, 3, 1, 3, 1, 3, 1, 3, 22, 55.0
148063804, 69382, 14, Timeline 4 (Density Graph + Event Blocks), Timeline 3 (Event Blocks), VIRAT_S_0102, 2, 3, 2, 3, 2, 2, 2, 2, 2, 2, 1, 2, 1, 2, 1, 3, 1, 3, 1, 3, 18, 45.0
148063804, 83693, 14325, Timeline 5 (Event Thumbnails), Timeline 2 (Density Graph), VIRAT_S_0400, 4, 2, 2, 2, 2, 2, 2, 2, 2, 2, 3, 3, 1, 3, 1, 3, 1, 3, 1, 3, 22, 55.0
148063804, 6936969369, 6936900001, Timeline 1 (Base Interface), Timeline 2 (Density Graph), VIRAT_S_0500, 3, 2, 3, 3, 4, 4, 3, 2, 2, 2, 2, 3, 2, 2, 3, 1, 2, 3, 1, 3, 22, 55.0
148063806, 69382, 14, Timeline 4 (Density Graph + Event Blocks), Timeline 3 (Event Blocks), VIRAT_S_0002, 3, 2, 2, 2, 2, 2, 3, 2, 2, 2, 2, 3, 1, 3, 1, 3, 2, 3, 1, 3, 22, 55.0
148063806, 69511, 143, Timeline 3 (Event Blocks), Timeline 2 (Density Graph), VIRAT_S_0100, 2, 3, 2, 2, 2, 2, 2, 2, 2, 2, 1, 2, 1, 3, 1, 3, 1, 3, 1, 3, 19, 47.5
148063806, 69369, 1, Timeline 1 (Base Interface), Timeline 1 (Base Interface), VIRAT_S_0102, 3, 2, 2, 2, 2, 2, 2, 2, 2, 2, 2, 3, 1, 3, 1, 3, 1, 3, 1, 3, 21, 52.5
148063806, 83693, 14325, Timeline 5 (Event Thumbnails), Timeline 2 (Density Graph), VIRAT_S_0400, 3, 2, 2, 3, 2, 2, 2, 2, 2, 2, 2, 3, 1, 2, 1, 3, 1, 3, 1, 3, 20, 50.0
148063806, 70800, 1432, Timeline 2 (Density Graph), Timeline 2 (Density Graph), VIRAT_S_0500, 2, 2, 2, 2, 2, 2, 2, 2, 2, 2, 1, 3, 1, 3, 1, 3, 1, 3, 1, 3, 20, 50.0
148063807, 69369, 1, Timeline 1 (Base Interface), Timeline 2 (Density Graph), VIRAT_S_0002, 2, 2, 2, 2, 2, 2, 2, 2, 3, 2, 1, 3, 1, 3, 1, 3, 1, 3, 2, 3, 21, 52.5
148063807, 83693, 14325, Timeline 5 (Event Thumbnails), Timeline 2 (Density Graph), VIRAT_S_0100, 2, 2, 3, 3, 2, 2, 2, 2, 2, 2, 1, 3, 2, 2, 1, 3, 1, 3, 1, 3, 20, 50.0
148063807, 69382, 14, Timeline 4 (Density Graph + Event Blocks), Timeline 2 (Density Graph), VIRAT_S_0102, 3, 2, 2, 2, 2, 2, 2, 2, 2, 2, 2, 3, 1, 3, 1, 3, 1, 3, 1, 3, 21, 52.5
148063807, 69511, 143, Timeline 3 (Event Blocks), Timeline 2 (Density Graph), VIRAT_S_0400, 3, 2, 2, 2, 2, 2, 2, 2, 2, 2, 2, 3, 1, 3, 1, 3, 1, 3, 1, 3, 21, 52.5
148063807, 70800, 1432, Timeline 2 (Density Graph), Timeline 2 (Density Graph), VIRAT_S_0500, 2, 2, 2, 2, 3, 2, 2, 2, 2, 2, 1, 3, 1, 3, 2, 3, 1, 3, 1, 3, 21, 52.5
148063808, 69511, 143, Timeline 3 (Event Blocks), Timeline 2 (Density Graph), VIRAT_S_0002, 3, 2, 2, 2, 2, 2, 2, 2, 2, 2, 2, 3, 1, 3, 1, 3, 1, 3, 1, 3, 21, 52.5
148063808, 70800, 1432, Timeline 2 (Density Graph), Timeline 2 (Density Graph), VIRAT_S_0100, 3, 2, 2, 2, 2, 2, 2, 3, 2, 2, 2, 3, 1, 3, 1, 3, 1, 2, 1, 3, 20, 50.0
148063808, 69382, 14, Timeline 4 (Density Graph + Event Blocks), Timeline 3 (Event Blocks), VIRAT_S_0102, 3, 2, 2, 2, 2, 2, 3, 2, 2, 2, 2, 3, 1, 3, 1, 3, 2, 3, 1, 3, 22, 55.0
148063808, 83693, 14325, Timeline 5 (Event Thumbnails), Timeline 2 (Density Graph), VIRAT_S_0400, 3, 2, 3, 2, 2, 2, 2, 2, 2, 2, 2, 3, 2, 3, 1, 3, 1, 3, 1, 3, 22, 55.0
148063808, 69369, 1, Timeline 1 (Base Interface), Timeline 2 (Density Graph), VIRAT_S_0500, 3, 2, 2, 2, 2, 2, 2, 2, 2, 2, 2, 3, 1, 3, 1, 3, 1, 3, 1, 3, 21, 52.5
148063802, 69382, 14, Timeline 4 (Density Graph + Event Blocks), Timeline 2 (Density Graph), VIRAT_S_0002, 2, 2, 3, 2, 2, 2, 2, 2, 2, 2, 1, 3, 2, 3, 1, 3, 1, 3, 1, 3, 21, 52.5
148063802, 70800, 1432, Timeline 2 (Density Graph), Timeline 2 (Density Graph), VIRAT_S_0100, 3, 2, 2, 2, 2, 2, 2, 2, 2, 2, 2, 3, 1, 3, 1, 3, 1, 3, 1, 3, 21, 52.5
148063802, 83693, 14325, Timeline 5 (Event Thumbnails), Timeline 2 (Density Graph), VIRAT_S_0102, 2, 2, 2, 2, 2, 2, 2, 2, 2, 2, 1, 3, 1, 3, 1, 3, 1, 3, 1, 3, 20, 50.0
148063802, 69511, 143, Timeline 3 (Event Blocks), Timeline 2 (Density Graph), VIRAT_S_0400, 3, 2, 2, 2, 2, 2, 2, 2, 2, 2, 2, 3, 1, 3, 1, 3, 1, 3, 1, 3, 21, 52.5
148063802, 69369, 1, Timeline 1 (Base Interface), Timeline 2 (Density Graph), VIRAT_S_0500, 2, 4, 3, 2, 5, 2, 2, 2, 2, 3, 1, 1, 2, 3, 4, 3, 1, 3, 1, 2, 21, 52.5
148060312, 74710, 5342, Timeline 2 (Density Graph), Timeline 2 (Density Graph), VIRAT_S_0002, 2, 4, 2, 4, 3, 4, 2, 4, 2, 3, 1, 1, 1, 1, 2, 1, 1, 1, 1, 2, 12, 30.0
148060312, 69373, 5, Timeline 5 (Event Thumbnails), Timeline 5 (Event Thumbnails), VIRAT_S_0100, 4, 3, 4, 2, 4, 3, 2, 3, 3, 4, 3, 2, 3, 3, 3, 2, 1, 2, 2, 1, 22, 55.0
148060312, 69902, 534, Timeline 4 (Density Graph + Event Blocks), Timeline 4 (Density Graph + Event Blocks), VIRAT_S_0102, 4, 2, 4, 2, 4, 2, 4, 2, 4, 2, 3, 3, 3, 3, 3, 3, 3, 3, 3, 3, 30, 75.0
148060312, 122789, 53421, Timeline 1 (Base Interface), Timeline 1 (Base Interface), VIRAT_S_0400, 2, 3, 3, 3, 3, 3, 2, 2, 3, 3, 1, 2, 2, 2, 2, 2, 1, 3, 2, 2, 19, 47.5
148060312, 69421, 53, Timeline 3 (Event Blocks), Timeline 1 (Base Interface), VIRAT_S_0500, 4, 3, 4, 2, 4, 2, 3, 2, 4, 3, 3, 2, 3, 3, 3, 3, 2, 3, 3, 2, 27, 67.5
148053790, 69380, 12, Timeline 2 (Density Graph), Timeline 2 (Density Graph), VIRAT_S_0002, 4, 2, 4, 1, 4, 2, 4, 2, 4, 2, 3, 3, 3, 4, 3, 3, 3, 3, 3, 3, 31, 77.5
148053790, 69369, 1, Timeline 1 (Base Interface), Timeline 1 (Base Interface), VIRAT_S_0100, 3, 2, 4, 2, 4, 2, 4, 2, 3, 3, 2, 3, 3, 3, 3, 3, 3, 3, 2, 2, 27, 67.5
148053790, 70613, 1245, Timeline 5 (Event Thumbnails), Timeline 5 (Event Thumbnails), VIRAT_S_0102, 5, 1, 5, 1, 5, 1, 5, 1, 5, 1, 4, 4, 4, 4, 4, 4, 4, 4, 4, 4, 40, 100.0
148053790, 69492, 124, Timeline 4 (Density Graph + Event Blocks), Timeline 4 (Density Graph + Event Blocks), VIRAT_S_0400, 5, 2, 5, 2, 5, 2, 5, 2, 4, 2, 4, 3, 4, 3, 4, 3, 4, 3, 3, 3, 34, 85.0
148053790, 70613, 1245, Timeline 5 (Event Thumbnails), Timeline 3 (Event Blocks), VIRAT_S_0500, 4, 2, 4, 2, 4, 2, 4, 2, 4, 2, 3, 3, 3, 3, 3, 3, 3, 3, 3, 3, 30, 75.0
147916593, 69713, 345, Timeline 5 (Event Thumbnails), Timeline 5 (Event Thumbnails), VIRAT_S_0002, 5, 1, 4, 2, 4, 3, 4, 2, 4, 2, 4, 4, 3, 3, 3, 2, 3, 3, 3, 3, 31, 77.5
147916593, 69371, 3, Timeline 3 (Event Blocks), Timeline 3 (Event Blocks), VIRAT_S_0100, 4, 1, 5, 1, 5, 2, 4, 2, 4, 2, 3, 4, 4, 4, 4, 3, 3, 3, 3, 3, 34, 85.0
147916593, 72819, 3451, Timeline 1 (Base Interface), Timeline 1 (Base Interface), VIRAT_S_0102, 2, 1, 4, 1, 3, 3, 5, 4, 4, 1, 1, 4, 3, 4, 2, 2, 4, 1, 3, 4, 28, 70.0
147916593, 69402, 34, Timeline 4 (Density Graph + Event Blocks), Timeline 4 (Density Graph + Event Blocks), VIRAT_S_0400, 4, 2, 4, 2, 4, 2, 4, 1, 4, 1, 3, 3, 3, 3, 3, 3, 3, 4, 3, 4, 32, 80.0
147916593, 103880, 34512, Timeline 2 (Density Graph), Timeline 2 (Density Graph), VIRAT_S_0500, 4, 2, 4, 2, 4, 2, 4, 2, 4, 2, 3, 3, 3, 3, 3, 3, 3, 3, 3, 3, 30, 75.0
147914321, 69410, 42, Timeline 2 (Density Graph), Timeline 2 (Density Graph), VIRAT_S_0002, 2, 2, 4, 4, 4, 1, 2, 3, 4, 2, 1, 3, 3, 1, 3, 4, 1, 2, 3, 3, 24, 60.0
147914321, 69793, 425, Timeline 5 (Event Thumbnails), Timeline 5 (Event Thumbnails), VIRAT_S_0100, 5, 2, 3, 4, 5, 1, 3, 1, 4, 2, 4, 3, 2, 1, 4, 4, 2, 4, 3, 3, 30, 75.0
147914321, 69372, 4, Timeline 4 (Density Graph + Event Blocks), Timeline 4 (Density Graph + Event Blocks), VIRAT_S_0102, 4, 3, 3, 4, 4, 2, 3, 3, 4, 2, 3, 2, 2, 1, 3, 3, 2, 2, 3, 3, 24, 60.0
147914321, 73619, 4251, Timeline 1 (Base Interface), Timeline 1 (Base Interface), VIRAT_S_0400, 4, 1, 4, 1, 3, 1, 5, 4, 5, 1, 3, 4, 3, 4, 2, 4, 4, 1, 4, 4, 33, 82.5
147914321, 111881, 42513, Timeline 3 (Event Blocks), Timeline 3 (Event Blocks), VIRAT_S_0500, 5, 2, 4, 3, 5, 1, 4, 2, 5, 2, 4, 3, 3, 2, 4, 4, 3, 3, 4, 3, 33, 82.5
147906122, 69421, 53, Timeline 3 (Event Blocks), Timeline 4 (Density Graph + Event Blocks), VIRAT_S_0002, 4, 4, 3, 3, 3, 3, 4, 4, 3, 5, 3, 1, 2, 2, 2, 2, 3, 1, 2, 0, 18, 45.0
147906122, 69900, 532, Timeline 2 (Density Graph), Timeline 2 (Density Graph), VIRAT_S_0100, 2, 3, 2, 4, 3, 3, 3, 4, 3, 5, 1, 2, 1, 1, 2, 2, 2, 1, 2, 0, 14, 35.0
147906122, 69373, 5, Timeline 5 (Event Thumbnails), Timeline 5 (Event Thumbnails), VIRAT_S_0102, 5, 3, 5, 3, 5, 3, 4, 3, 5, 5, 4, 2, 4, 2, 4, 2, 3, 2, 4, 0, 27, 67.5
147906122, 74692, 5324, Timeline 4 (Density Graph + Event Blocks), Timeline 4 (Density Graph + Event Blocks), VIRAT_S_0400, 5, 3, 5, 4, 5, 3, 4, 3, 5, 5, 4, 2, 4, 1, 4, 2, 3, 2, 4, 0, 26, 65.0
147906122, 122609, 53241, Timeline 1 (Base Interface), Timeline 1 (Base Interface), VIRAT_S_0500, 4, 3, 4, 3, 2, 3, 4, 3, 4, 4, 3, 2, 3, 2, 1, 2, 3, 2, 3, 1, 22, 55.0
147842712, 121682, 52314, Timeline 4 (Density Graph + Event Blocks), Timeline 4 (Density Graph + Event Blocks), VIRAT_S_0002, 2, 4, 2, 2, 4, 2, 2, 4, 2, 4, 1, 1, 1, 3, 3, 3, 1, 1, 1, 1, 16, 40.0
147842712, 69373, 5, Timeline 5 (Event Thumbnails), Timeline 5 (Event Thumbnails), VIRAT_S_0100, 3, 2, 4, 2, 2, 2, 2, 2, 2, 3, 2, 3, 3, 3, 1, 3, 1, 3, 1, 2, 22, 55.0
147842712, 69891, 523, Timeline 3 (Event Blocks), Timeline 1 (Base Interface), VIRAT_S_0102, 2, 4, 2, 2, 3, 2, 4, 4, 3, 2, 1, 1, 1, 3, 2, 3, 3, 1, 2, 3, 20, 50.0
147842712, 74599, 5231, Timeline 1 (Base Interface), Timeline 1 (Base Interface), VIRAT_S_0400, 4, 1, 4, 2, 4, 2, 5, 4, 4, 1, 3, 4, 3, 3, 3, 3, 4, 1, 3, 4, 31, 77.5
147842712, 69420, 52, Timeline 2 (Density Graph), Timeline 4 (Density Graph + Event Blocks), VIRAT_S_0500, 4, 2, 4, 2, 4, 2, 4, 1, 4, 1, 3, 3, 3, 3, 3, 3, 3, 4, 3, 4, 32, 80.0
147753370, 73889, 4521, Timeline 1 (Base Interface), Timeline 1 (Base Interface), VIRAT_S_0002, 2, 2, 4, 1, 3, 3, 4, 5, 5, 1, 1, 3, 3, 4, 2, 2, 3, 0, 4, 4, 26, 65.0
147753370, 69820, 452, Timeline 2 (Density Graph), Timeline 4 (Density Graph + Event Blocks), VIRAT_S_0100, 3, 2, 3, 2, 4, 3, 3, 4, 4, 2, 2, 3, 2, 3, 3, 2, 2, 1, 3, 3, 24, 60.0
147753370, 114581, 45213, Timeline 3 (Event Blocks), Timeline 4 (Density Graph + Event Blocks), VIRAT_S_0102, 4, 1, 4, 1, 4, 1, 4, 1, 4, 1, 3, 4, 3, 4, 3, 4, 3, 4, 3, 4, 35, 87.5
147753370, 69372, 4, Timeline 4 (Density Graph + Event Blocks), Timeline 4 (Density Graph + Event Blocks), VIRAT_S_0400, 4, 3, 3, 3, 4, 2, 3, 2, 3, 4, 3, 2, 2, 2, 3, 3, 2, 3, 2, 1, 23, 57.5
147753370, 69413, 45, Timeline 5 (Event Thumbnails), Timeline 5 (Event Thumbnails), VIRAT_S_0500, 4, 2, 4, 2, 5, 1, 5, 2, 5, 1, 3, 3, 3, 3, 4, 4, 4, 3, 4, 4, 35, 87.5
147752820, 74709, 5341, Timeline 1 (Base Interface), Timeline 1 (Base Interface), VIRAT_S_0002, 2, 3, 1, 5, 2, 3, 3, 4, 2, 1, 1, 2, 0, 0, 1, 2, 2, 1, 1, 4, 14, 35.0
147752820, 122780, 53412, Timeline 2 (Density Graph), Timeline 2 (Density Graph), VIRAT_S_0100, 2, 4, 2, 4, 3, 3, 3, 3, 3, 1, 1, 1, 1, 1, 2, 2, 2, 2, 2, 4, 18, 45.0
147752820, 69373, 5, Timeline 5 (Event Thumbnails), Timeline 5 (Event Thumbnails), VIRAT_S_0102, 4, 2, 4, 3, 5, 2, 4, 2, 4, 1, 3, 3, 3, 2, 4, 3, 3, 3, 3, 4, 31, 77.5
147752820, 69421, 53, Timeline 3 (Event Blocks), Timeline 3 (Event Blocks), VIRAT_S_0400, 3, 2, 4, 3, 5, 2, 4, 2, 4, 1, 2, 3, 3, 2, 4, 3, 3, 3, 3, 4, 30, 75.0
147752820, 69902, 534, Timeline 4 (Density Graph + Event Blocks), Timeline 4 (Density Graph + Event Blocks), VIRAT_S_0500, 4, 2, 4, 3, 4, 2, 4, 2, 4, 1, 3, 3, 3, 2, 3, 3, 3, 3, 3, 4, 30, 75.0
147653631, 69369, 1, Timeline 1 (Base Interface), Timeline 1 (Base Interface), VIRAT_S_0002, 3, 1, 5, 1, 3, 1, 5, 5, 5, 1, 2, 4, 4, 4, 2, 4, 4, 0, 4, 4, 32, 80.0
147653631, 69381, 13, Timeline 3 (Event Blocks), Timeline 3 (Event Blocks), VIRAT_S_0100, 4, 1, 5, 1, 3, 4, 4, 1, 5, 1, 3, 4, 4, 4, 2, 1, 3, 4, 4, 4, 33, 82.5
147653631, 69503, 135, Timeline 5 (Event Thumbnails), Timeline 5 (Event Thumbnails), VIRAT_S_0102, 5, 1, 5, 1, 5, 1, 5, 1, 5, 1, 4, 4, 4, 4, 4, 4, 4, 4, 4, 4, 40, 100.0
147653631, 70720, 1352, Timeline 2 (Density Graph), Timeline 2 (Density Graph), VIRAT_S_0400, 4, 1, 5, 1, 4, 1, 2, 4, 5, 1, 3, 4, 4, 4, 3, 4, 1, 1, 4, 4, 32, 80.0
147653631, 82892, 13524, Timeline 4 (Density Graph + Event Blocks), Timeline 4 (Density Graph + Event Blocks), VIRAT_S_0500, 5, 1, 5, 1, 5, 1, 5, 1, 5, 1, 4, 4, 4, 4, 4, 4, 4, 4, 4, 4, 40, 100.0
147558243, 82820, 13452, Timeline 2 (Density Graph), Timeline 2 (Density Graph), VIRAT_S_0002, 1, 3, 1, 2, 2, 3, 3, 5, 2, 3, 0, 2, 0, 3, 1, 2, 2, 0, 1, 2, 13, 32.5
147558243, 70713, 1345, Timeline 5 (Event Thumbnails), Timeline 5 (Event Thumbnails), VIRAT_S_0100, 5, 3, 4, 2, 4, 3, 4, 3, 4, 1, 4, 2, 3, 3, 3, 2, 3, 2, 3, 4, 29, 72.5
147558243, 69381, 13, Timeline 3 (Event Blocks), Timeline 3 (Event Blocks), VIRAT_S_0102, 2, 4, 3, 2, 2, 3, 4, 5, 2, 1, 1, 1, 2, 3, 1, 2, 3, 0, 1, 4, 18, 45.0
147558243, 69369, 1, Timeline 1 (Base Interface), Timeline 1 (Base Interface), VIRAT_S_0400, 5, 2, 4, 1, 4, 2, 4, 3, 4, 1, 4, 3, 3, 4, 3, 3, 3, 2, 3, 4, 32, 80.0
147558243, 69502, 134, Timeline 4 (Density Graph + Event Blocks), Timeline 4 (Density Graph + Event Blocks), VIRAT_S_0500, 4, 2, 4, 2, 3, 2, 3, 3, 4, 2, 3, 3, 3, 3, 2, 3, 2, 2, 3, 3, 27, 67.5
147494993, 81902, 12534, Timeline 4 (Density Graph + Event Blocks), Timeline 4 (Density Graph + Event Blocks), VIRAT_S_0002, 3, 4, 4, 4, 3, 3, 3, 4, 4, 4, 2, 1, 3, 1, 2, 2, 2, 1, 3, 1, 18, 45.0
147494993, 69369, 1, Timeline 1 (Base Interface), Timeline 3 (Event Blocks), VIRAT_S_0100, 4, 4, 4, 4, 4, 4, 4, 4, 4, 4, 3, 1, 3, 1, 3, 1, 3, 1, 3, 1, 20, 50.0
147494993, 70621, 1253, Timeline 3 (Event Blocks), Timeline 5 (Event Thumbnails), VIRAT_S_0102, 3, 3, 3, 2, 2, 4, 4, 4, 5, 5, 2, 2, 2, 3, 1, 1, 3, 1, 4, 0, 19, 47.5
147494993, 69380, 12, Timeline 2 (Density Graph), Timeline 2 (Density Graph), VIRAT_S_0400, 3, 4, 4, 4, 4, 4, 3, 3, 3, 3, 2, 1, 3, 1, 3, 1, 2, 2, 2, 2, 19, 47.5
147494993, 69493, 125, Timeline 5 (Event Thumbnails), Timeline 2 (Density Graph), VIRAT_S_0500, 2, 2, 2, 3, 3, 4, 4, 4, 4, 4, 1, 3, 1, 2, 2, 1, 3, 1, 3, 1, 18, 45.0
147430481, 69381, 13, Timeline 3 (Event Blocks), Timeline 4 (Density Graph + Event Blocks), VIRAT_S_0002, 4, 2, 5, 1, 3, 3, 3, 3, 4, 1, 3, 3, 4, 4, 2, 2, 2, 2, 3, 4, 29, 72.5
147430481, 69502, 134, Timeline 4 (Density Graph + Event Blocks), Timeline 3 (Event Blocks), VIRAT_S_0100, 4, 2, 2, 3, 3, 2, 3, 3, 2, 1, 3, 3, 1, 2, 2, 3, 2, 2, 1, 4, 23, 57.5
147430481, 69369, 1, Timeline 1 (Base Interface), Timeline 1 (Base Interface), VIRAT_S_0102, 4, 2, 5, 1, 4, 2, 4, 3, 4, 2, 3, 3, 4, 4, 3, 3, 3, 2, 3, 3, 31, 77.5
147430481, 70710, 1342, Timeline 2 (Density Graph), Timeline 2 (Density Graph), VIRAT_S_0400, 2, 4, 2, 3, 4, 3, 4, 2, 2, 1, 1, 1, 1, 2, 3, 2, 3, 3, 1, 4, 21, 52.5
147430481, 82793, 13425, Timeline 5 (Event Thumbnails), Timeline 5 (Event Thumbnails), VIRAT_S_0500, 2, 4, 3, 3, 2, 3, 2, 3, 3, 1, 1, 1, 2, 2, 1, 2, 1, 2, 2, 4, 18, 45.0
147340531, 69403, 35, Timeline 5 (Event Thumbnails), Timeline 5 (Event Thumbnails), VIRAT_S_0002, 3, 3, 3, 2, 4, 2, 4, 2, 3, 2, 2, 2, 2, 3, 3, 3, 3, 3, 2, 3, 26, 65.0
147340531, 69719, 351, Timeline 1 (Base Interface), Timeline 1 (Base Interface), VIRAT_S_0100, 2, 2, 3, 2, 4, 2, 4, 4, 3, 2, 1, 3, 2, 3, 3, 3, 3, 1, 2, 3, 24, 60.0
147340531, 69371, 3, Timeline 3 (Event Blocks), Timeline 3 (Event Blocks), VIRAT_S_0102, 3, 3, 4, 2, 4, 2, 4, 2, 3, 2, 2, 2, 3, 3, 3, 3, 3, 3, 2, 3, 27, 67.5
147340531, 72882, 3514, Timeline 4 (Density Graph + Event Blocks), Timeline 4 (Density Graph + Event Blocks), VIRAT_S_0400, 3, 3, 4, 2, 4, 2, 4, 2, 3, 2, 2, 2, 3, 3, 3, 3, 3, 3, 2, 3, 27, 67.5
147340531, 104510, 35142, Timeline 2 (Density Graph), Timeline 2 (Density Graph), VIRAT_S_0500, 3, 2, 4, 2, 4, 2, 4, 2, 3, 2, 2, 3, 3, 3, 3, 3, 3, 3, 2, 3, 28, 70.0
147328880, 69370, 2, Timeline 2 (Density Graph), Timeline 3 (Event Blocks), VIRAT_S_0002, 4, 2, 4, 2, 4, 2, 5, 1, 3, 2, 3, 3, 3, 3, 3, 3, 4, 4, 2, 3, 31, 77.5
147328880, 69611, 243, Timeline 3 (Event Blocks), Timeline 4 (Density Graph + Event Blocks), VIRAT_S_0100, 5, 2, 4, 1, 5, 2, 4, 2, 4, 2, 4, 3, 3, 4, 4, 3, 3, 3, 3, 3, 33, 82.5
147328880, 93719, 24351, Timeline 1 (Base Interface), Timeline 1 (Base Interface), VIRAT_S_0102, 2, 2, 4, 2, 2, 2, 4, 2, 2, 2, 1, 3, 3, 3, 1, 3, 3, 3, 1, 3, 24, 60.0
147328880, 71803, 2435, Timeline 5 (Event Thumbnails), Timeline 5 (Event Thumbnails), VIRAT_S_0400, 4, 2, 4, 2, 5, 2, 4, 2, 4, 2, 3, 3, 3, 3, 4, 3, 3, 3, 3, 3, 31, 77.5
147328880, 69392, 24, Timeline 4 (Density Graph + Event Blocks), Timeline 5 (Event Thumbnails), VIRAT_S_0500, 4, 2, 4, 2, 5, 2, 4, 2, 4, 2, 3, 3, 3, 3, 4, 3, 3, 3, 3, 3, 31, 77.5
147308681, 69419, 51, Timeline 1 (Base Interface), Timeline 1 (Base Interface), VIRAT_S_0002, 2, 2, 2, 2, 4, 2, 4, 3, 4, 1, 1, 3, 1, 3, 3, 3, 3, 2, 3, 4, 26, 65.0
147308681, 69881, 513, Timeline 3 (Event Blocks), Timeline 3 (Event Blocks), VIRAT_S_0100, 3, 3, 4, 2, 2, 1, 4, 2, 3, 2, 2, 2, 3, 3, 1, 4, 3, 3, 2, 3, 26, 65.0
147308681, 69373, 5, Timeline 5 (Event Thumbnails), Timeline 5 (Event Thumbnails), VIRAT_S_0102, 4, 2, 4, 3, 4, 2, 4, 2, 4, 3, 3, 3, 3, 2, 3, 3, 3, 3, 3, 2, 28, 70.0
147308681, 74502, 5134, Timeline 4 (Density Graph + Event Blocks), Timeline 4 (Density Graph + Event Blocks), VIRAT_S_0400, 4, 2, 4, 2, 4, 2, 4, 2, 4, 3, 3, 3, 3, 3, 3, 3, 3, 3, 3, 2, 29, 72.5
147308681, 120710, 51342, Timeline 2 (Density Graph), Timeline 2 (Density Graph), VIRAT_S_0500, 2, 3, 2, 2, 3, 2, 4, 3, 4, 2, 1, 2, 1, 3, 2, 3, 3, 2, 3, 3, 23, 57.5
147307347, 84800, 15432, Timeline 2 (Density Graph), Timeline 2 (Density Graph), VIRAT_S_0002, 3, 3, 4, 3, 4, 4, 3, 3, 2, 3, 2, 2, 3, 2, 3, 1, 2, 2, 1, 2, 20, 50.0
147307347, 70911, 1543, Timeline 3 (Event Blocks), Timeline 3 (Event Blocks), VIRAT_S_0100, 1, 3, 3, 4, 4, 3, 4, 2, 3, 3, 0, 2, 2, 1, 3, 2, 3, 3, 2, 2, 20, 50.0
147307347, 69522, 154, Timeline 4 (Density Graph + Event Blocks), Timeline 4 (Density Graph + Event Blocks), VIRAT_S_0102, 1, 3, 3, 4, 3, 3, 3, 3, 3, 3, 0, 2, 2, 1, 2, 2, 2, 2, 2, 2, 17, 42.5
147307347, 69383, 15, Timeline 5 (Event Thumbnails), Timeline 5 (Event Thumbnails), VIRAT_S_0400, 1, 4, 1, 1, 4, 2, 4, 4, 2, 4, 0, 1, 0, 4, 3, 3, 3, 1, 1, 1, 17, 42.5
147307347, 69369, 1, Timeline 1 (Base Interface), Timeline 1 (Base Interface), VIRAT_S_0500, 2, 4, 1, 4, 2, 3, 2, 4, 2, 4, 1, 1, 0, 1, 1, 2, 1, 1, 1, 1, 10, 25.0
147183355, 69689, 321, Timeline 1 (Base Interface), Timeline 1 (Base Interface), VIRAT_S_0002, 1, 3, 3, 2, 1, 3, 3, 1, 3, 2, 0, 2, 2, 3, 0, 2, 2, 4, 2, 3, 20, 50.0
147183355, 69371, 3, Timeline 3 (Event Blocks), Timeline 3 (Event Blocks), VIRAT_S_0100, 5, 1, 5, 1, 4, 1, 4, 1, 5, 1, 4, 4, 4, 4, 3, 4, 3, 4, 4, 4, 38, 95.0
147183355, 69400, 32, Timeline 2 (Density Graph), Timeline 1 (Base Interface), VIRAT_S_0102, 3, 2, 3, 1, 2, 3, 3, 5, 4, 2, 2, 3, 2, 4, 1, 2, 2, 0, 3, 3, 22, 55.0
147183355, 101513, 32145, Timeline 5 (Event Thumbnails), Timeline 5 (Event Thumbnails), VIRAT_S_0400, 5, 1, 5, 1, 5, 1, 5, 1, 5, 1, 4, 4, 4, 4, 4, 4, 4, 4, 4, 4, 40, 100.0
147183355, 72582, 3214, Timeline 4 (Density Graph + Event Blocks), Timeline 4 (Density Graph + Event Blocks), VIRAT_S_0500, 5, 1, 5, 1, 4, 1, 5, 1, 5, 1, 4, 4, 4, 4, 3, 4, 4, 4, 4, 4, 39, 97.5
147051997, 69392, 24, Timeline 4 (Density Graph + Event Blocks), Timeline 4 (Density Graph + Event Blocks), VIRAT_S_0002, 3, 3, 4, 2, 3, 3, 3, 2, 3, 2, 2, 2, 3, 3, 2, 2, 2, 3, 2, 3, 24, 60.0
147051997, 69613, 245, Timeline 5 (Event Thumbnails), Timeline 5 (Event Thumbnails), VIRAT_S_0100, 3, 3, 4, 2, 3, 2, 4, 2, 4, 1, 2, 2, 3, 3, 2, 3, 3, 3, 3, 4, 28, 70.0
147051997, 69370, 2, Timeline 2 (Density Graph), Timeline 2 (Density Graph), VIRAT_S_0102, 4, 2, 4, 1, 4, 2, 4, 2, 4, 1, 3, 3, 3, 4, 3, 3, 3, 3, 3, 4, 32, 80.0
147051997, 71821, 2453, Timeline 3 (Event Blocks), Timeline 3 (Event Blocks), VIRAT_S_0400, 3, 2, 5, 1, 5, 2, 4, 2, 4, 1, 2, 3, 4, 4, 4, 3, 3, 3, 3, 4, 33, 82.5
147051997, 93899, 24531, Timeline 1 (Base Interface), Timeline 1 (Base Interface), VIRAT_S_0500, 2, 3, 4, 2, 3, 3, 4, 5, 3, 1, 1, 2, 3, 3, 2, 2, 3, 0, 2, 4, 22, 55.0
147004721, 69369, 1, Timeline 1 (Base Interface), Timeline 1 (Base Interface), VIRAT_S_0002, 3, 3, 3, 3, 3, 3, 3, 3, 3, 3, 2, 2, 2, 2, 2, 2, 2, 2, 2, 2, 20, 50.0
147004721, 70713, 1345, Timeline 5 (Event Thumbnails), Timeline 5 (Event Thumbnails), VIRAT_S_0100, 3, 3, 3, 3, 3, 3, 3, 3, 3, 3, 2, 2, 2, 2, 2, 2, 2, 2, 2, 2, 20, 50.0
147004721, 69381, 13, Timeline 3 (Event Blocks), Timeline 4 (Density Graph + Event Blocks), VIRAT_S_0102, 3, 3, 3, 3, 3, 3, 3, 3, 3, 3, 2, 2, 2, 2, 2, 2, 2, 2, 2, 2, 20, 50.0
147004721, 69502, 134, Timeline 4 (Density Graph + Event Blocks), Timeline 4 (Density Graph + Event Blocks), VIRAT_S_0400, 3, 3, 3, 3, 3, 3, 3, 3, 3, 3, 2, 2, 2, 2, 2, 2, 2, 2, 2, 2, 20, 50.0
147004721, 82820, 13452, Timeline 2 (Density Graph), Timeline 2 (Density Graph), VIRAT_S_0500, 3, 3, 3, 3, 3, 3, 3, 3, 3, 3, 2, 2, 2, 2, 2, 2, 2, 2, 2, 2, 20, 50.0
147001785, 69370, 2, Timeline 2 (Density Graph), Timeline 2 (Density Graph), VIRAT_S_0002, 2, 3, 3, 2, 3, 3, 2, 4, 2, 4, 1, 2, 2, 3, 2, 2, 1, 1, 1, 1, 16, 40.0
147001785, 69581, 213, Timeline 3 (Event Blocks), Timeline 3 (Event Blocks), VIRAT_S_0100, 3, 3, 3, 2, 3, 2, 3, 2, 4, 2, 2, 2, 2, 3, 2, 3, 2, 3, 3, 3, 25, 62.5
147001785, 90722, 21354, Timeline 4 (Density Graph + Event Blocks), Timeline 4 (Density Graph + Event Blocks), VIRAT_S_0102, 4, 2, 4, 2, 4, 2, 3, 2, 4, 3, 3, 3, 3, 3, 3, 3, 2, 3, 3, 2, 28, 70.0
147001785, 71503, 2135, Timeline 5 (Event Thumbnails), Timeline 5 (Event Thumbnails), VIRAT_S_0400, 3, 2, 4, 2, 4, 2, 4, 2, 4, 3, 2, 3, 3, 3, 3, 3, 3, 3, 3, 2, 28, 70.0
147001785, 69389, 21, Timeline 1 (Base Interface), Timeline 1 (Base Interface), VIRAT_S_0500, 3, 2, 4, 1, 4, 2, 4, 2, 4, 2, 2, 3, 3, 4, 3, 3, 3, 3, 3, 3, 30, 75.0
146975493, 69370, 2, Timeline 2 (Density Graph), Timeline 2 (Density Graph), VIRAT_S_0002, 3, 1, 5, 1, 4, 1, 5, 1, 5, 1, 2, 4, 4, 4, 3, 4, 4, 4, 4, 4, 37, 92.5
146975493, 69581, 213, Timeline 3 (Event Blocks), Timeline 3 (Event Blocks), VIRAT_S_0100, 2, 4, 3, 3, 1, 3, 3, 4, 4, 2, 1, 1, 2, 2, 0, 2, 2, 1, 3, 3, 17, 42.5
146975493, 69389, 21, Timeline 1 (Base Interface), Timeline 1 (Base Interface), VIRAT_S_0102, 4, 1, 5, 1, 4, 1, 4, 1, 4, 1, 3, 4, 4, 4, 3, 4, 3, 4, 3, 4, 36, 90.0
146975493, 90722, 21354, Timeline 4 (Density Graph + Event Blocks), Timeline 4 (Density Graph + Event Blocks), VIRAT_S_0400, 4, 2, 4, 1, 4, 1, 4, 1, 4, 1, 3, 3, 3, 4, 3, 4, 3, 4, 3, 4, 34, 85.0
146975493, 69370, 2, Timeline 2 (Density Graph), Timeline 2 (Density Graph), VIRAT_S_0500, 4, 2, 4, 1, 4, 1, 4, 1, 4, 1, 3, 3, 3, 4, 3, 4, 3, 4, 3, 4, 34, 85.0
146975491, 71781, 2413, Timeline 3 (Event Blocks), Timeline 1 (Base Interface), VIRAT_S_0002, 2, 2, 4, 2, 4, 2, 4, 2, 3, 2, 1, 3, 3, 3, 3, 3, 3, 3, 2, 3, 27, 67.5
146975491, 69370, 2, Timeline 2 (Density Graph), Timeline 3 (Event Blocks), VIRAT_S_0100, 2, 1, 4, 2, 4, 2, 4, 2, 3, 2, 1, 4, 3, 3, 3, 3, 3, 3, 2, 3, 28, 70.0
146975491, 93503, 24135, Timeline 5 (Event Thumbnails), Timeline 3 (Event Blocks), VIRAT_S_0102, 2, 4, 2, 4, 2, 4, 2, 4, 3, 2, 1, 1, 1, 1, 1, 1, 1, 1, 2, 3, 13, 32.5
146975491, 69392, 24, Timeline 4 (Density Graph + Event Blocks), Timeline 2 (Density Graph), VIRAT_S_0400, 4, 2, 4, 2, 4, 2, 4, 2, 3, 2, 3, 3, 3, 3, 3, 3, 3, 3, 2, 3, 29, 72.5
146975491, 69609, 241, Timeline 1 (Base Interface), Timeline 1 (Base Interface), VIRAT_S_0500, 2, 2, 4, 2, 4, 2, 4, 2, 3, 2, 1, 3, 3, 3, 3, 3, 3, 3, 2, 3, 27, 67.5
146972571, 69420, 52, Timeline 2 (Density Graph), Timeline 2 (Density Graph), VIRAT_S_0002, 2, 4, 2, 2, 2, 5, 2, 4, 1, 2, 1, 1, 1, 3, 1, 0, 1, 1, 0, 3, 12, 30.0
146972571, 69373, 5, Timeline 5 (Event Thumbnails), Timeline 5 (Event Thumbnails), VIRAT_S_0100, 4, 1, 4, 2, 5, 1, 5, 1, 5, 2, 3, 4, 3, 3, 4, 4, 4, 4, 4, 3, 36, 90.0
146972571, 74581, 5213, Timeline 3 (Event Blocks), Timeline 3 (Event Blocks), VIRAT_S_0102, 4, 2, 4, 2, 4, 2, 2, 4, 4, 2, 3, 3, 3, 3, 3, 3, 1, 1, 3, 3, 26, 65.0
146972571, 121502, 52134, Timeline 4 (Density Graph + Event Blocks), Timeline 4 (Density Graph + Event Blocks), VIRAT_S_0400, 5, 1, 5, 1, 5, 1, 5, 1, 5, 1, 4, 4, 4, 4, 4, 4, 4, 4, 4, 4, 40, 100.0
146972571, 69889, 521, Timeline 1 (Base Interface), Timeline 1 (Base Interface), VIRAT_S_0500, 1, 4, 1, 5, 1, 5, 1, 5, 1, 5, 0, 1, 0, 0, 0, 0, 0, 0, 0, 0, 1, 2.5
146948076, 69370, 2, Timeline 2 (Density Graph), Timeline 2 (Density Graph), VIRAT_S_0002, 1, 1, 5, 1, 1, 1, 5, 4, 2, 3, 0, 4, 4, 4, 0, 4, 4, 1, 1, 2, 24, 60.0
146948076, 94502, 25134, Timeline 4 (Density Graph + Event Blocks), Timeline 4 (Density Graph + Event Blocks), VIRAT_S_0100, 4, 4, 3, 2, 5, 3, 3, 1, 5, 2, 3, 1, 2, 3, 4, 2, 2, 4, 4, 3, 28, 70.0
146948076, 69393, 25, Timeline 5 (Event Thumbnails), Timeline 5 (Event Thumbnails), VIRAT_S_0102, 5, 2, 5, 1, 5, 1, 5, 1, 5, 1, 4, 3, 4, 4, 4, 4, 4, 4, 4, 4, 39, 97.5
146948076, 69619, 251, Timeline 1 (Base Interface), Timeline 1 (Base Interface), VIRAT_S_0400, 1, 1, 5, 1, 3, 1, 5, 5, 1, 1, 0, 4, 4, 4, 2, 4, 4, 0, 0, 4, 26, 65.0
146948076, 71881, 2513, Timeline 3 (Event Blocks), Timeline 3 (Event Blocks), VIRAT_S_0500, 5, 1, 5, 2, 3, 4, 3, 4, 4, 2, 4, 4, 4, 3, 2, 1, 2, 1, 3, 3, 27, 67.5
146944030, 69370, 2, Timeline 2 (Density Graph), Timeline 2 (Density Graph), VIRAT_S_0002, 3, 2, 4, 2, 4, 2, 4, 2, 3, 3, 2, 3, 3, 3, 3, 3, 3, 3, 2, 2, 27, 67.5
146944030, 69603, 235, Timeline 5 (Event Thumbnails), Timeline 5 (Event Thumbnails), VIRAT_S_0100, 2, 4, 3, 2, 3, 3, 3, 3, 2, 2, 1, 1, 2, 3, 2, 2, 2, 2, 1, 3, 19, 47.5
146944030, 69391, 23, Timeline 3 (Event Blocks), Timeline 3 (Event Blocks), VIRAT_S_0102, 4, 2, 4, 2, 4, 2, 4, 2, 4, 2, 3, 3, 3, 3, 3, 3, 3, 3, 3, 3, 30, 75.0
146944030, 92882, 23514, Timeline 4 (Density Graph + Event Blocks), Timeline 3 (Event Blocks), VIRAT_S_0400, 4, 2, 4, 2, 4, 2, 4, 2, 4, 2, 3, 3, 3, 3, 3, 3, 3, 3, 3, 3, 30, 75.0
146944030, 71719, 2351, Timeline 1 (Base Interface), Timeline 1 (Base Interface), VIRAT_S_0500, 3, 2, 4, 2, 3, 2, 4, 2, 3, 2, 2, 3, 3, 3, 2, 3, 3, 3, 2, 3, 27, 67.5
146941069, 69402, 34, Timeline 4 (Density Graph + Event Blocks), Timeline 4 (Density Graph + Event Blocks), VIRAT_S_0002, 4, 2, 4, 2, 4, 2, 4, 2, 4, 2, 3, 3, 3, 3, 3, 3, 3, 3, 3, 3, 30, 75.0
146941069, 69709, 341, Timeline 1 (Base Interface), Timeline 1 (Base Interface), VIRAT_S_0100, 1, 1, 2, 2, 2, 2, 4, 2, 2, 2, 0, 4, 1, 3, 1, 3, 3, 3, 1, 3, 22, 55.0
146941069, 69371, 3, Timeline 3 (Event Blocks), Timeline 3 (Event Blocks), VIRAT_S_0102, 5, 4, 4, 2, 4, 2, 4, 2, 4, 2, 4, 1, 3, 3, 3, 3, 3, 3, 3, 3, 29, 72.5
146941069, 72783, 3415, Timeline 5 (Event Thumbnails), Timeline 5 (Event Thumbnails), VIRAT_S_0400, 5, 2, 5, 1, 5, 2, 4, 2, 5, 2, 4, 3, 4, 4, 4, 3, 3, 3, 4, 3, 35, 87.5
146941069, 103520, 34152, Timeline 2 (Density Graph), Timeline 2 (Density Graph), VIRAT_S_0500, 3, 2, 2, 2, 4, 2, 4, 2, 4, 2, 2, 3, 1, 3, 3, 3, 3, 3, 3, 3, 27, 67.5
146933121, 69380, 12, Timeline 2 (Density Graph), Timeline 2 (Density Graph), VIRAT_S_0002, 4, 1, 5, 1, 5, 1, 4, 2, 4, 2, 3, 4, 4, 4, 4, 4, 3, 3, 3, 3, 35, 87.5
146933121, 69493, 125, Timeline 5 (Event Thumbnails), Timeline 5 (Event Thumbnails), VIRAT_S_0100, 5, 1, 5, 1, 5, 1, 4, 1, 5, 2, 4, 4, 4, 4, 4, 4, 3, 4, 4, 3, 38, 95.0
146933121, 69369, 1, Timeline 1 (Base Interface), Timeline 1 (Base Interface), VIRAT_S_0102, 3, 5, 1, 5, 1, 4, 1, 4, 1, 4, 2, 0, 0, 0, 0, 1, 0, 1, 0, 1, 5, 12.5
146933121, 81911, 12543, Timeline 3 (Event Blocks), Timeline 3 (Event Blocks), VIRAT_S_0400, 4, 1, 4, 1, 4, 3, 4, 1, 5, 2, 3, 4, 3, 4, 3, 2, 3, 4, 4, 3, 33, 82.5
146933121, 70622, 1254, Timeline 4 (Density Graph + Event Blocks), Timeline 4 (Density Graph + Event Blocks), VIRAT_S_0500, 4, 1, 4, 1, 4, 3, 4, 2, 5, 2, 3, 4, 3, 4, 3, 2, 3, 3, 4, 3, 32, 80.0
146919962, 69692, 324, Timeline 4 (Density Graph + Event Blocks), Timeline 4 (Density Graph + Event Blocks), VIRAT_S_0002, 3, 3, 3, 2, 4, 2, 4, 4, 4, 2, 2, 2, 2, 3, 3, 3, 3, 1, 3, 3, 25, 62.5
146919962, 101819, 32451, Timeline 1 (Base Interface), Timeline 1 (Base Interface), VIRAT_S_0100, 2, 2, 4, 2, 4, 2, 4, 4, 2, 2, 1, 3, 3, 3, 3, 3, 3, 1, 1, 3, 24, 60.0
146919962, 69400, 32, Timeline 2 (Density Graph), Timeline 2 (Density Graph), VIRAT_S_0102, 4, 2, 4, 2, 4, 2, 4, 3, 4, 2, 3, 3, 3, 3, 3, 3, 3, 2, 3, 3, 29, 72.5
146919962, 72613, 3245, Timeline 5 (Event Thumbnails), Timeline 5 (Event Thumbnails), VIRAT_S_0400, 4, 2, 4, 2, 4, 2, 4, 2, 4, 2, 3, 3, 3, 3, 3, 3, 3, 3, 3, 3, 30, 75.0
146919962, 69371, 3, Timeline 3 (Event Blocks), Timeline 3 (Event Blocks), VIRAT_S_0500, 4, 2, 4, 2, 4, 2, 4, 2, 4, 2, 3, 3, 3, 3, 3, 3, 3, 3, 3, 3, 30, 75.0
146859309, 69521, 153, Timeline 3 (Event Blocks), Timeline 4 (Density Graph + Event Blocks), VIRAT_S_0002, 4, 4, 4, 4, 4, 4, 4, 4, 4, 4, 3, 1, 3, 1, 3, 1, 3, 1, 3, 1, 20, 50.0
146859309, 69383, 15, Timeline 5 (Event Thumbnails), Timeline 4 (Density Graph + Event Blocks), VIRAT_S_0100, 4, 4, 4, 4, 4, 4, 4, 4, 4, 4, 3, 1, 3, 1, 3, 1, 3, 1, 3, 1, 20, 50.0
146859309, 70900, 1532, Timeline 2 (Density Graph), Timeline 5 (Event Thumbnails), VIRAT_S_0102, 4, 4, 4, 4, 4, 4, 4, 4, 4, 4, 3, 1, 3, 1, 3, 1, 3, 1, 3, 1, 20, 50.0
146859309, 69369, 1, Timeline 1 (Base Interface), Timeline 5 (Event Thumbnails), VIRAT_S_0400, 4, 4, 4, 4, 4, 4, 4, 4, 4, 4, 3, 1, 3, 1, 3, 1, 3, 1, 3, 1, 20, 50.0
146859309, 84692, 15324, Timeline 4 (Density Graph + Event Blocks), Timeline 4 (Density Graph + Event Blocks), VIRAT_S_0500, 4, 4, 4, 4, 4, 4, 4, 4, 4, 4, 3, 1, 3, 1, 3, 1, 3, 1, 3, 1, 20, 50.0
146816020, 69583, 215, Timeline 5 (Event Thumbnails), Timeline 5 (Event Thumbnails), VIRAT_S_0002, 2, 4, 4, 2, 3, 2, 4, 4, 2, 1, 1, 1, 3, 3, 2, 3, 3, 1, 1, 4, 22, 55.0
146816020, 71521, 2153, Timeline 3 (Event Blocks), Timeline 3 (Event Blocks), VIRAT_S_0100, 4, 2, 5, 1, 4, 2, 4, 2, 5, 1, 3, 3, 4, 4, 3, 3, 3, 3, 4, 4, 34, 85.0
146816020, 90902, 21534, Timeline 4 (Density Graph + Event Blocks), Timeline 4 (Density Graph + Event Blocks), VIRAT_S_0102, 4, 2, 5, 2, 4, 2, 4, 2, 5, 1, 3, 3, 4, 3, 3, 3, 3, 3, 4, 4, 33, 82.5
146816020, 69389, 21, Timeline 1 (Base Interface), Timeline 1 (Base Interface), VIRAT_S_0400, 1, 1, 4, 2, 3, 3, 4, 1, 2, 1, 0, 4, 3, 3, 2, 2, 3, 4, 1, 4, 26, 65.0
146816020, 69370, 2, Timeline 2 (Density Graph), Timeline 2 (Density Graph), VIRAT_S_0500, 4, 2, 5, 2, 4, 1, 4, 2, 5, 1, 3, 3, 4, 3, 3, 4, 3, 3, 4, 4, 34, 85.0
146772938, 104780, 35412, Timeline 2 (Density Graph), Timeline 5 (Event Thumbnails), VIRAT_S_0002, 4, 2, 4, 2, 5, 2, 5, 2, 4, 2, 3, 3, 3, 3, 4, 3, 4, 3, 3, 3, 32, 80.0
146772938, 69371, 3, Timeline 3 (Event Blocks), Timeline 2 (Density Graph), VIRAT_S_0100, 4, 2, 5, 2, 4, 2, 5, 2, 4, 2, 3, 3, 4, 3, 3, 3, 4, 3, 3, 3, 32, 80.0
146772938, 69403, 35, Timeline 5 (Event Thumbnails), Timeline 4 (Density Graph + Event Blocks), VIRAT_S_0102, 3, 3, 4, 3, 4, 3, 5, 2, 4, 2, 2, 2, 3, 2, 3, 2, 4, 3, 3, 3, 27, 67.5
146772938, 69722, 354, Timeline 4 (Density Graph + Event Blocks), Timeline 3 (Event Blocks), VIRAT_S_0400, 4, 2, 4, 2, 4, 2, 5, 2, 4, 2, 3, 3, 3, 3, 3, 3, 4, 3, 3, 3, 31, 77.5
146772938, 72909, 3541, Timeline 1 (Base Interface), Timeline 3 (Event Blocks), VIRAT_S_0500, 4, 2, 4, 2, 5, 1, 5, 2, 4, 2, 3, 3, 3, 3, 4, 4, 4, 3, 3, 3, 33, 82.5
146771812, 69603, 235, Timeline 5 (Event Thumbnails), Timeline 5 (Event Thumbnails), VIRAT_S_0002, 3, 1, 5, 1, 5, 1, 5, 1, 5, 1, 2, 4, 4, 4, 4, 4, 4, 4, 4, 4, 38, 95.0
146771812, 71722, 2354, Timeline 4 (Density Graph + Event Blocks), Timeline 1 (Base Interface), VIRAT_S_0100, 3, 1, 5, 1, 5, 1, 5, 1, 5, 1, 2, 4, 4, 4, 4, 4, 4, 4, 4, 4, 38, 95.0
146771812, 92909, 23541, Timeline 1 (Base Interface), Timeline 1 (Base Interface), VIRAT_S_0102, 3, 1, 5, 1, 5, 1, 5, 1, 5, 1, 2, 4, 4, 4, 4, 4, 4, 4, 4, 4, 38, 95.0
146771812, 69391, 23, Timeline 3 (Event Blocks), Timeline 3 (Event Blocks), VIRAT_S_0400, 3, 1, 5, 1, 5, 1, 5, 1, 5, 1, 2, 4, 4, 4, 4, 4, 4, 4, 4, 4, 38, 95.0
146771812, 69370, 2, Timeline 2 (Density Graph), Timeline 2 (Density Graph), VIRAT_S_0500, 3, 1, 5, 1, 5, 1, 5, 1, 5, 1, 2, 4, 4, 4, 4, 4, 4, 4, 4, 4, 38, 95.0
146559166, 74791, 5423, Timeline 3 (Event Blocks), Timeline 3 (Event Blocks), VIRAT_S_0002, 3, 3, 3, 3, 3, 3, 3, 3, 3, 3, 2, 2, 2, 2, 2, 2, 2, 2, 2, 2, 20, 50.0
146559166, 69373, 5, Timeline 5 (Event Thumbnails), Timeline 5 (Event Thumbnails), VIRAT_S_0100, 3, 3, 3, 3, 3, 3, 3, 3, 3, 3, 2, 2, 2, 2, 2, 2, 2, 2, 2, 2, 20, 50.0
146559166, 69910, 542, Timeline 2 (Density Graph), Timeline 3 (Event Blocks), VIRAT_S_0102, 3, 3, 3, 3, 3, 3, 3, 3, 3, 3, 2, 2, 2, 2, 2, 2, 2, 2, 2, 2, 20, 50.0
146559166, 69422, 54, Timeline 4 (Density Graph + Event Blocks), Timeline 4 (Density Graph + Event Blocks), VIRAT_S_0400, 3, 3, 3, 3, 3, 3, 3, 3, 3, 3, 2, 2, 2, 2, 2, 2, 2, 2, 2, 2, 20, 50.0
146559166, 123599, 54231, Timeline 1 (Base Interface), Timeline 2 (Density Graph), VIRAT_S_0500, 3, 3, 3, 3, 3, 3, 3, 3, 3, 3, 2, 2, 2, 2, 2, 2, 2, 2, 2, 2, 20, 50.0
146511990, 111881, 42513, Timeline 3 (Event Blocks), Timeline 3 (Event Blocks), VIRAT_S_0002, 3, 2, 4, 2, 3, 4, 4, 4, 3, 2, 2, 3, 3, 3, 2, 1, 3, 1, 2, 3, 23, 57.5
146511990, 69410, 42, Timeline 2 (Density Graph), Timeline 2 (Density Graph), VIRAT_S_0100, 2, 2, 3, 2, 3, 2, 4, 4, 3, 2, 1, 3, 2, 3, 2, 3, 3, 1, 2, 3, 23, 57.5
146511990, 73619, 4251, Timeline 1 (Base Interface), Timeline 1 (Base Interface), VIRAT_S_0102, 4, 1, 4, 1, 4, 2, 4, 3, 4, 1, 3, 4, 3, 4, 3, 3, 3, 2, 3, 4, 32, 80.0
146511990, 69793, 425, Timeline 5 (Event Thumbnails), Timeline 5 (Event Thumbnails), VIRAT_S_0400, 4, 2, 4, 2, 3, 2, 4, 3, 3, 2, 3, 3, 3, 3, 2, 3, 3, 2, 2, 3, 27, 67.5
146511990, 69372, 4, Timeline 4 (Density Graph + Event Blocks), Timeline 4 (Density Graph + Event Blocks), VIRAT_S_0500, 4, 2, 5, 2, 4, 2, 4, 2, 4, 3, 3, 3, 4, 3, 3, 3, 3, 3, 3, 2, 30, 75.0
146490541, 70791, 1423, Timeline 3 (Event Blocks), Timeline 3 (Event Blocks), VIRAT_S_0002, 4, 2, 4, 1, 4, 2, 4, 2, 4, 1, 3, 3, 3, 4, 3, 3, 3, 3, 3, 4, 32, 80.0
146490541, 69382, 14, Timeline 4 (Density Graph + Event Blocks), Timeline 4 (Density Graph + Event Blocks), VIRAT_S_0100, 4, 2, 4, 2, 4, 2, 4, 2, 5, 2, 3, 3, 3, 3, 3, 3, 3, 3, 4, 3, 31, 77.5
146490541, 69369, 1, Timeline 1 (Base Interface), Timeline 1 (Base Interface), VIRAT_S_0102, 1, 2, 3, 2, 2, 3, 4, 5, 3, 2, 0, 3, 2, 3, 1, 2, 3, 0, 2, 3, 19, 47.5
146490541, 83603, 14235, Timeline 5 (Event Thumbnails), Timeline 5 (Event Thumbnails), VIRAT_S_0400, 5, 1, 5, 2, 4, 2, 5, 2, 4, 1, 4, 4, 4, 3, 3, 3, 4, 3, 3, 4, 35, 87.5
146490541, 69510, 142, Timeline 2 (Density Graph), Timeline 2 (Density Graph), VIRAT_S_0500, 2, 2, 3, 1, 3, 2, 4, 3, 4, 2, 1, 3, 2, 4, 2, 3, 3, 2, 3, 3, 26, 65.0
146489341, 69621, 253, Timeline 3 (Event Blocks), Timeline 5 (Event Thumbnails), VIRAT_S_0002, 3, 3, 3, 3, 4, 2, 3, 3, 2, 3, 2, 2, 2, 2, 3, 3, 2, 2, 1, 2, 21, 52.5
146489341, 71899, 2531, Timeline 1 (Base Interface), Timeline 1 (Base Interface), VIRAT_S_0100, 3, 3, 4, 2, 4, 3, 2, 3, 5, 3, 2, 2, 3, 3, 3, 2, 1, 2, 4, 2, 24, 60.0
146489341, 69393, 25, Timeline 5 (Event Thumbnails), Timeline 3 (Event Blocks), VIRAT_S_0102, 3, 4, 3, 3, 3, 4, 3, 4, 3, 3, 2, 1, 2, 2, 2, 1, 2, 1, 2, 2, 17, 42.5
146489341, 94682, 25314, Timeline 4 (Density Graph + Event Blocks), Timeline 4 (Density Graph + Event Blocks), VIRAT_S_0400, 3, 3, 4, 4, 2, 2, 3, 3, 1, 3, 2, 2, 3, 1, 1, 3, 2, 2, 0, 2, 18, 45.0
146489341, 69369, 1, Timeline 1 (Base Interface), Timeline 5 (Event Thumbnails), VIRAT_S_0500, 2, 3, 3, 4, 2, 3, 3, 3, 4, 3, 1, 2, 2, 1, 1, 2, 2, 2, 3, 2, 18, 45.0
146445266, 110891, 41523, Timeline 3 (Event Blocks), Timeline 3 (Event Blocks), VIRAT_S_0002, 4, 2, 4, 2, 4, 2, 4, 2, 3, 2, 3, 3, 3, 3, 3, 3, 3, 3, 2, 3, 29, 72.5
146445266, 73520, 4152, Timeline 2 (Density Graph), Timeline 2 (Density Graph), VIRAT_S_0100, 4, 2, 4, 2, 4, 2, 4, 2, 3, 2, 3, 3, 3, 3, 3, 3, 3, 3, 2, 3, 29, 72.5
146445266, 69783, 415, Timeline 5 (Event Thumbnails), Timeline 2 (Density Graph), VIRAT_S_0102, 4, 2, 4, 2, 3, 2, 4, 2, 3, 2, 3, 3, 3, 3, 2, 3, 3, 3, 2, 3, 28, 70.0
146445266, 69409, 41, Timeline 1 (Base Interface), Timeline 1 (Base Interface), VIRAT_S_0400, 2, 4, 2, 2, 2, 2, 4, 5, 3, 3, 1, 1, 1, 3, 1, 3, 3, 0, 2, 2, 17, 42.5
146445266, 69372, 4, Timeline 4 (Density Graph + Event Blocks), Timeline 4 (Density Graph + Event Blocks), VIRAT_S_0500, 4, 2, 4, 2, 3, 2, 4, 2, 4, 2, 3, 3, 3, 3, 2, 3, 3, 3, 3, 3, 29, 72.5
146411777, 69399, 31, Timeline 1 (Base Interface), Timeline 1 (Base Interface), VIRAT_S_0002, 2, 2, 4, 2, 4, 2, 4, 4, 2, 2, 1, 3, 3, 3, 3, 3, 3, 1, 1, 3, 24, 60.0
146411777, 69683, 315, Timeline 5 (Event Thumbnails), Timeline 5 (Event Thumbnails), VIRAT_S_0100, 4, 2, 4, 2, 4, 2, 4, 2, 4, 2, 3, 3, 3, 3, 3, 3, 3, 3, 3, 3, 30, 75.0
146411777, 69371, 3, Timeline 3 (Event Blocks), Timeline 4 (Density Graph + Event Blocks), VIRAT_S_0102, 4, 2, 4, 2, 4, 2, 4, 2, 4, 2, 3, 3, 3, 3, 3, 3, 3, 3, 3, 3, 30, 75.0
146411777, 72520, 3152, Timeline 2 (Density Graph), Timeline 2 (Density Graph), VIRAT_S_0400, 2, 2, 4, 2, 4, 2, 4, 2, 4, 2, 1, 3, 3, 3, 3, 3, 3, 3, 3, 3, 28, 70.0
146411777, 100892, 31524, Timeline 4 (Density Graph + Event Blocks), Timeline 4 (Density Graph + Event Blocks), VIRAT_S_0500, 5, 2, 5, 2, 4, 2, 4, 2, 4, 2, 4, 3, 4, 3, 3, 3, 3, 3, 3, 3, 32, 80.0
146400674, 69793, 425, Timeline 5 (Event Thumbnails), Timeline 5 (Event Thumbnails), VIRAT_S_0002, 5, 2, 5, 1, 4, 2, 4, 1, 5, 1, 4, 3, 4, 4, 3, 3, 3, 4, 4, 4, 36, 90.0
146400674, 69410, 42, Timeline 2 (Density Graph), Timeline 2 (Density Graph), VIRAT_S_0100, 1, 3, 2, 3, 1, 3, 1, 5, 1, 4, 0, 2, 1, 2, 0, 2, 0, 0, 0, 1, 8, 20.0
146400674, 69372, 4, Timeline 4 (Density Graph + Event Blocks), Timeline 4 (Density Graph + Event Blocks), VIRAT_S_0102, 5, 3, 5, 4, 5, 1, 3, 5, 5, 1, 4, 2, 4, 1, 4, 4, 2, 0, 4, 4, 29, 72.5
146400674, 111899, 42531, Timeline 1 (Base Interface), Timeline 1 (Base Interface), VIRAT_S_0400, 3, 2, 3, 2, 2, 1, 2, 3, 3, 1, 2, 3, 2, 3, 1, 4, 1, 2, 2, 4, 24, 60.0
146400674, 73621, 4253, Timeline 3 (Event Blocks), Timeline 3 (Event Blocks), VIRAT_S_0500, 5, 2, 5, 1, 5, 1, 5, 1, 5, 1, 4, 3, 4, 4, 4, 4, 4, 4, 4, 4, 39, 97.5
146320716, 69899, 531, Timeline 1 (Base Interface), Timeline 1 (Base Interface), VIRAT_S_0002, 1, 1, 5, 1, 5, 1, 5, 5, 5, 1, 0, 4, 4, 4, 4, 4, 4, 0, 4, 4, 32, 80.0
146320716, 74680, 5312, Timeline 2 (Density Graph), Timeline 2 (Density Graph), VIRAT_S_0100, 3, 3, 5, 1, 5, 1, 2, 1, 5, 1, 2, 2, 4, 4, 4, 4, 1, 4, 4, 4, 33, 82.5
146320716, 69421, 53, Timeline 3 (Event Blocks), Timeline 3 (Event Blocks), VIRAT_S_0102, 2, 2, 3, 1, 4, 3, 4, 1, 3, 1, 1, 3, 2, 4, 3, 2, 3, 4, 2, 4, 28, 70.0
146320716, 122492, 53124, Timeline 4 (Density Graph + Event Blocks), Timeline 4 (Density Graph + Event Blocks), VIRAT_S_0400, 5, 4, 5, 1, 5, 1, 2, 1, 5, 1, 4, 1, 4, 4, 4, 4, 1, 4, 4, 4, 34, 85.0
146320716, 122492, 53124, Timeline 4 (Density Graph + Event Blocks), Timeline 2 (Density Graph), VIRAT_S_0500, 4, 2, 4, 1, 5, 2, 4, 4, 5, 1, 3, 3, 3, 4, 4, 3, 3, 1, 4, 4, 32, 80.0
146313793, 69421, 53, Timeline 3 (Event Blocks), Timeline 3 (Event Blocks), VIRAT_S_0002, 1, 4, 4, 1, 2, 4, 2, 5, 3, 1, 0, 1, 3, 4, 1, 1, 1, 0, 2, 4, 17, 42.5
146313793, 69902, 534, Timeline 4 (Density Graph + Event Blocks), Timeline 4 (Density Graph + Event Blocks), VIRAT_S_0100, 2, 4, 2, 1, 2, 2, 2, 4, 2, 4, 1, 1, 1, 4, 1, 3, 1, 1, 1, 1, 15, 37.5
146313793, 69373, 5, Timeline 5 (Event Thumbnails), Timeline 5 (Event Thumbnails), VIRAT_S_0102, 4, 1, 5, 1, 4, 1, 4, 1, 4, 1, 3, 4, 4, 4, 3, 4, 3, 4, 3, 4, 36, 90.0
146313793, 74710, 5342, Timeline 2 (Density Graph), Timeline 2 (Density Graph), VIRAT_S_0400, 2, 1, 4, 1, 4, 1, 4, 2, 4, 1, 1, 4, 3, 4, 3, 4, 3, 3, 3, 4, 32, 80.0
146313793, 122789, 53421, Timeline 1 (Base Interface), Timeline 1 (Base Interface), VIRAT_S_0500, 1, 5, 4, 1, 2, 2, 1, 5, 2, 1, 0, 0, 3, 4, 1, 3, 0, 0, 1, 4, 16, 40.0
146303457, 15384, -53984, Other, Timeline 4 (Density Graph + Event Blocks), VIRAT_S_0002, 3, 1, 4, 1, 3, 2, 4, 2, 3, 1, 2, 4, 3, 4, 2, 3, 3, 3, 2, 4, 30, 75.0
146303457, 470473, 401105, Timeline 5 (Event Thumbnails), Timeline 1 (Base Interface), VIRAT_S_0100, 1, 1, 2, 1, 3, 2, 5, 5, 3, 1, 0, 4, 1, 4, 2, 3, 4, 0, 2, 4, 24, 60.0
146303457, 63970, -5398, Timeline 2 (Density Graph), Timeline 2 (Density Graph), VIRAT_S_0102, 2, 3, 2, 1, 3, 2, 4, 4, 3, 1, 1, 2, 1, 4, 2, 3, 3, 1, 2, 4, 23, 57.5
146303457, 5329044, 5259676, Other, Timeline 2 (Density Graph), VIRAT_S_0400, 3, 1, 4, 1, 3, 2, 4, 3, 3, 1, 2, 4, 3, 4, 2, 3, 3, 2, 2, 4, 29, 72.5
146303457, 69369, 1, Timeline 1 (Base Interface), Timeline 1 (Base Interface), VIRAT_S_0500, 1, 1, 2, 1, 3, 2, 5, 4, 3, 1, 0, 4, 1, 4, 2, 3, 4, 1, 2, 4, 25, 62.5
146284478, 69389, 21, Timeline 1 (Base Interface), Timeline 1 (Base Interface), VIRAT_S_0002, 2, 2, 4, 1, 3, 2, 4, 4, 4, 2, 1, 3, 3, 4, 2, 3, 3, 1, 3, 3, 26, 65.0
146284478, 69582, 214, Timeline 4 (Density Graph + Event Blocks), Timeline 3 (Event Blocks), VIRAT_S_0100, 4, 2, 4, 2, 4, 2, 4, 2, 4, 2, 3, 3, 3, 3, 3, 3, 3, 3, 3, 3, 30, 75.0
146284478, 69370, 2, Timeline 2 (Density Graph), Timeline 2 (Density Graph), VIRAT_S_0102, 4, 2, 4, 1, 4, 2, 5, 2, 5, 1, 3, 3, 3, 4, 3, 3, 4, 3, 4, 4, 34, 85.0
146284478, 71511, 2143, Timeline 3 (Event Blocks), Timeline 3 (Event Blocks), VIRAT_S_0400, 5, 2, 4, 2, 4, 2, 4, 2, 4, 2, 4, 3, 3, 3, 3, 3, 3, 3, 3, 3, 31, 77.5
146284478, 90803, 21435, Timeline 5 (Event Thumbnails), Timeline 5 (Event Thumbnails), VIRAT_S_0500, 4, 2, 4, 2, 4, 2, 4, 2, 4, 2, 3, 3, 3, 3, 3, 3, 3, 3, 3, 3, 30, 75.0
146273701, 69421, 53, Timeline 3 (Event Blocks), Timeline 3 (Event Blocks), VIRAT_S_0002, 2, 4, 3, 3, 3, 2, 4, 3, 3, 3, 1, 1, 2, 2, 2, 3, 3, 2, 2, 2, 20, 50.0
146273701, 69902, 534, Timeline 4 (Density Graph + Event Blocks), Timeline 4 (Density Graph + Event Blocks), VIRAT_S_0100, 4, 4, 3, 3, 3, 2, 3, 4, 3, 4, 3, 1, 2, 2, 2, 3, 2, 1, 2, 1, 19, 47.5
146273701, 69373, 5, Timeline 5 (Event Thumbnails), Timeline 1 (Base Interface), VIRAT_S_0102, 3, 2, 4, 2, 4, 3, 5, 2, 4, 2, 2, 3, 3, 3, 3, 2, 4, 3, 3, 3, 29, 72.5
146273701, 74710, 5342, Timeline 2 (Density Graph), Timeline 2 (Density Graph), VIRAT_S_0400, 3, 2, 3, 4, 3, 4, 2, 3, 3, 3, 2, 3, 2, 1, 2, 1, 1, 2, 2, 2, 18, 45.0
146273701, 122789, 53421, Timeline 1 (Base Interface), Timeline 1 (Base Interface), VIRAT_S_0500, 4, 3, 3, 4, 3, 3, 4, 2, 3, 3, 3, 2, 2, 1, 2, 2, 3, 3, 2, 2, 22, 55.0
146269551, 69382, 14, Timeline 4 (Density Graph + Event Blocks), Timeline 3 (Event Blocks), VIRAT_S_0002, 4, 2, 4, 2, 4, 2, 3, 2, 4, 4, 3, 3, 3, 3, 3, 3, 2, 3, 3, 1, 27, 67.5
146269551, 69513, 145, Timeline 5 (Event Thumbnails), Timeline 3 (Event Blocks), VIRAT_S_0100, 4, 2, 4, 2, 4, 2, 3, 3, 3, 4, 3, 3, 3, 3, 3, 3, 2, 2, 2, 1, 25, 62.5
146269551, 69369, 1, Timeline 1 (Base Interface), Timeline 5 (Event Thumbnails), VIRAT_S_0102, 4, 2, 4, 2, 4, 2, 3, 2, 3, 4, 3, 3, 3, 3, 3, 3, 2, 3, 2, 1, 26, 65.0
146269551, 70820, 1452, Timeline 2 (Density Graph), Timeline 2 (Density Graph), VIRAT_S_0400, 4, 2, 4, 2, 4, 2, 3, 2, 4, 4, 3, 3, 3, 3, 3, 3, 2, 3, 3, 1, 27, 67.5
146269551, 83891, 14523, Timeline 3 (Event Blocks), Timeline 3 (Event Blocks), VIRAT_S_0500, 5, 2, 5, 2, 4, 2, 3, 2, 5, 4, 4, 3, 4, 3, 3, 3, 2, 3, 4, 1, 30, 75.0
146266265, 69383, 15, Timeline 5 (Event Thumbnails), Timeline 5 (Event Thumbnails), VIRAT_S_0002, 5, 2, 4, 2, 4, 2, 4, 2, 4, 3, 4, 3, 3, 3, 3, 3, 3, 3, 3, 2, 30, 75.0
146266265, 69521, 153, Timeline 3 (Event Blocks), Timeline 3 (Event Blocks), VIRAT_S_0100, 2, 4, 2, 2, 2, 2, 1, 4, 2, 2, 1, 1, 1, 3, 1, 3, 0, 1, 1, 3, 15, 37.5
146266265, 69369, 1, Timeline 1 (Base Interface), Timeline 1 (Base Interface), VIRAT_S_0102, 1, 3, 4, 2, 2, 2, 4, 2, 2, 1, 0, 2, 3, 3, 1, 3, 3, 3, 1, 4, 23, 57.5
146266265, 70902, 1534, Timeline 4 (Density Graph + Event Blocks), Timeline 4 (Density Graph + Event Blocks), VIRAT_S_0400, 4, 2, 4, 1, 4, 2, 4, 2, 4, 2, 3, 3, 3, 4, 3, 3, 3, 3, 3, 3, 31, 77.5
146266265, 84710, 15342, Timeline 2 (Density Graph), Timeline 2 (Density Graph), VIRAT_S_0500, 4, 2, 4, 1, 4, 2, 3, 2, 4, 2, 3, 3, 3, 4, 3, 3, 2, 3, 3, 3, 30, 75.0
146264656, 69410, 42, Timeline 2 (Density Graph), Timeline 4 (Density Graph + Event Blocks), VIRAT_S_0002, 2, 1, 2, 4, 3, 2, 5, 3, 2, 3, 1, 4, 1, 1, 2, 3, 4, 2, 1, 2, 21, 52.5
146264656, 69789, 421, Timeline 1 (Base Interface), Timeline 3 (Event Blocks), VIRAT_S_0100, 2, 1, 4, 3, 2, 4, 5, 4, 3, 3, 1, 4, 3, 2, 1, 1, 4, 1, 2, 2, 21, 52.5
146264656, 69372, 4, Timeline 4 (Density Graph + Event Blocks), Timeline 3 (Event Blocks), VIRAT_S_0102, 3, 2, 4, 4, 3, 5, 3, 2, 3, 2, 2, 3, 3, 1, 2, 0, 2, 3, 2, 3, 21, 52.5
146264656, 73583, 4215, Timeline 5 (Event Thumbnails), Timeline 1 (Base Interface), VIRAT_S_0400, 3, 2, 4, 3, 3, 5, 4, 4, 2, 3, 2, 3, 3, 2, 2, 0, 3, 1, 1, 2, 19, 47.5
146264656, 73583, 4215, Timeline 5 (Event Thumbnails), Timeline 3 (Event Blocks), VIRAT_S_0500, 4, 3, 2, 4, 3, 5, 4, 2, 4, 3, 3, 2, 1, 1, 2, 0, 3, 3, 3, 2, 20, 50.0
146243771, 69381, 13, Timeline 3 (Event Blocks), Timeline 3 (Event Blocks), VIRAT_S_0002, 4, 2, 4, 1, 4, 2, 4, 1, 4, 2, 3, 3, 3, 4, 3, 3, 3, 4, 3, 3, 32, 80.0
146243771, 69369, 1, Timeline 1 (Base Interface), Timeline 1 (Base Interface), VIRAT_S_0100, 1, 1, 1, 1, 1, 2, 2, 5, 4, 2, 0, 4, 0, 4, 0, 3, 1, 0, 3, 3, 18, 45.0
146243771, 69503, 135, Timeline 5 (Event Thumbnails), Timeline 3 (Event Blocks), VIRAT_S_0102, 4, 2, 5, 1, 4, 2, 4, 1, 4, 2, 3, 3, 4, 4, 3, 3, 3, 4, 3, 3, 33, 82.5
146243771, 69383, 15, Timeline 5 (Event Thumbnails), Timeline 5 (Event Thumbnails), VIRAT_S_0400, 5, 1, 5, 1, 5, 1, 5, 1, 5, 2, 4, 4, 4, 4, 4, 4, 4, 4, 4, 3, 39, 97.5
146243771, 69520, 152, Timeline 2 (Density Graph), Timeline 2 (Density Graph), VIRAT_S_0500, 2, 4, 3, 2, 2, 2, 2, 5, 4, 2, 1, 1, 2, 3, 1, 3, 1, 0, 3, 3, 18, 45.0
146217689, 69422, 54, Timeline 4 (Density Graph + Event Blocks), Timeline 3 (Event Blocks), VIRAT_S_0002, 4, 1, 5, 1, 4, 2, 4, 2, 4, 1, 3, 4, 4, 4, 3, 3, 3, 3, 3, 4, 34, 85.0
146217689, 69909, 541, Timeline 1 (Base Interface), Timeline 1 (Base Interface), VIRAT_S_0100, 2, 2, 3, 1, 4, 2, 4, 4, 4, 1, 1, 3, 2, 4, 3, 3, 3, 1, 3, 4, 27, 67.5
146217689, 69373, 5, Timeline 5 (Event Thumbnails), Timeline 5 (Event Thumbnails), VIRAT_S_0102, 4, 2, 4, 1, 3, 2, 5, 1, 5, 1, 3, 3, 3, 4, 2, 3, 4, 4, 4, 4, 34, 85.0
146217689, 74780, 5412, Timeline 2 (Density Graph), Timeline 2 (Density Graph), VIRAT_S_0400, 3, 2, 4, 1, 3, 1, 4, 1, 4, 1, 2, 3, 3, 4, 2, 4, 3, 4, 3, 4, 32, 80.0
146217689, 123491, 54123, Timeline 3 (Event Blocks), Timeline 4 (Density Graph + Event Blocks), VIRAT_S_0500, 4, 2, 4, 1, 4, 2, 4, 2, 4, 1, 3, 3, 3, 4, 3, 3, 3, 3, 3, 4, 32, 80.0
146210319, 74709, 5341, Timeline 1 (Base Interface), Timeline 1 (Base Interface), VIRAT_S_0002, 1, 2, 4, 1, 4, 1, 5, 5, 5, 1, 0, 3, 3, 4, 3, 4, 4, 0, 4, 4, 29, 72.5
146210319, 69373, 5, Timeline 5 (Event Thumbnails), Timeline 5 (Event Thumbnails), VIRAT_S_0100, 3, 2, 4, 1, 3, 4, 5, 2, 4, 1, 2, 3, 3, 4, 2, 1, 4, 3, 3, 4, 29, 72.5
146210319, 122780, 53412, Timeline 2 (Density Graph), Timeline 2 (Density Graph), VIRAT_S_0102, 4, 1, 5, 1, 4, 2, 4, 2, 5, 1, 3, 4, 4, 4, 3, 3, 3, 3, 4, 4, 35, 87.5
146210319, 69902, 534, Timeline 4 (Density Graph + Event Blocks), Timeline 3 (Event Blocks), VIRAT_S_0400, 3, 2, 4, 1, 3, 2, 4, 2, 4, 1, 2, 3, 3, 4, 2, 3, 3, 3, 3, 4, 30, 75.0
146210319, 69421, 53, Timeline 3 (Event Blocks), Timeline 3 (Event Blocks), VIRAT_S_0500, 3, 4, 2, 2, 2, 2, 4, 2, 3, 1, 2, 1, 1, 3, 1, 3, 3, 3, 2, 4, 23, 57.5
146209612, 69709, 341, Timeline 1 (Base Interface), Timeline 4 (Density Graph + Event Blocks), VIRAT_S_0002, 1, 4, 2, 5, 1, 5, 1, 4, 2, 3, 0, 1, 1, 0, 0, 0, 0, 1, 1, 2, 6, 15.0
146209612, 72793, 3425, Timeline 5 (Event Thumbnails), Timeline 5 (Event Thumbnails), VIRAT_S_0100, 1, 4, 3, 3, 4, 2, 3, 4, 4, 2, 0, 1, 2, 2, 3, 3, 2, 1, 3, 3, 20, 50.0
146209612, 69371, 3, Timeline 3 (Event Blocks), Timeline 5 (Event Thumbnails), VIRAT_S_0102, 4, 2, 4, 3, 2, 4, 3, 4, 4, 2, 3, 3, 3, 2, 1, 1, 2, 1, 3, 3, 22, 55.0
146209612, 103619, 34251, Timeline 1 (Base Interface), Timeline 1 (Base Interface), VIRAT_S_0400, 2, 2, 4, 2, 4, 2, 4, 2, 4, 2, 1, 3, 3, 3, 3, 3, 3, 3, 3, 3, 28, 70.0
146209612, 69421, 53, Timeline 3 (Event Blocks), Timeline 5 (Event Thumbnails), VIRAT_S_0500, 4, 2, 4, 2, 4, 2, 3, 2, 4, 2, 3, 3, 3, 3, 3, 3, 2, 3, 3, 3, 29, 72.5
146208061, 69383, 15, Timeline 5 (Event Thumbnails), Timeline 5 (Event Thumbnails), VIRAT_S_0002, 3, 2, 4, 1, 4, 3, 4, 3, 5, 1, 2, 3, 3, 4, 3, 2, 3, 2, 4, 4, 30, 75.0
146208061, 69520, 152, Timeline 2 (Density Graph), Timeline 2 (Density Graph), VIRAT_S_0100, 3, 2, 3, 1, 2, 1, 5, 4, 4, 1, 2, 3, 2, 4, 1, 4, 4, 1, 3, 4, 28, 70.0
146208061, 70892, 1524, Timeline 4 (Density Graph + Event Blocks), Timeline 4 (Density Graph + Event Blocks), VIRAT_S_0102, 4, 2, 5, 1, 5, 2, 4, 2, 5, 1, 3, 3, 4, 4, 4, 3, 3, 3, 4, 4, 35, 87.5
146208061, 84611, 15243, Timeline 3 (Event Blocks), Timeline 3 (Event Blocks), VIRAT_S_0400, 4, 2, 4, 1, 4, 2, 5, 1, 4, 1, 3, 3, 3, 4, 3, 3, 4, 4, 3, 4, 34, 85.0
146208061, 69369, 1, Timeline 1 (Base Interface), Timeline 1 (Base Interface), VIRAT_S_0500, 3, 1, 4, 1, 4, 1, 5, 3, 5, 1, 2, 4, 3, 4, 3, 4, 4, 2, 4, 4, 34, 85.0
146207901, 69413, 45, Timeline 5 (Event Thumbnails), Timeline 5 (Event Thumbnails), VIRAT_S_0002, 3, 3, 2, 1, 4, 2, 4, 4, 3, 1, 2, 2, 1, 4, 3, 3, 3, 1, 2, 4, 25, 62.5
146207901, 69821, 453, Timeline 3 (Event Blocks), Timeline 2 (Density Graph), VIRAT_S_0100, 2, 2, 2, 1, 3, 2, 3, 5, 3, 2, 1, 3, 1, 4, 2, 3, 2, 0, 2, 3, 21, 52.5
146207901, 69372, 4, Timeline 4 (Density Graph + Event Blocks), Timeline 3 (Event Blocks), VIRAT_S_0102, 3, 4, 3, 2, 4, 2, 3, 3, 3, 1, 2, 1, 2, 3, 3, 3, 2, 2, 2, 4, 24, 60.0
146207901, 73900, 4532, Timeline 2 (Density Graph), Timeline 2 (Density Graph), VIRAT_S_0400, 2, 1, 3, 2, 2, 2, 3, 3, 3, 1, 1, 4, 2, 3, 1, 3, 2, 2, 2, 4, 24, 60.0
146207901, 114689, 45321, Timeline 1 (Base Interface), Timeline 1 (Base Interface), VIRAT_S_0500, 1, 1, 1, 1, 3, 2, 2, 5, 1, 1, 0, 4, 0, 4, 2, 3, 1, 0, 0, 4, 18, 45.0
146206265, 69383, 15, Timeline 5 (Event Thumbnails), Timeline 5 (Event Thumbnails), VIRAT_S_0002, 4, 3, 4, 2, 3, 2, 4, 3, 4, 2, 3, 2, 3, 3, 2, 3, 3, 2, 3, 3, 27, 67.5
146206265, 69521, 153, Timeline 3 (Event Blocks), Timeline 2 (Density Graph), VIRAT_S_0100, 1, 4, 4, 2, 3, 4, 3, 3, 2, 2, 0, 1, 3, 3, 2, 1, 2, 2, 1, 3, 18, 45.0
146206265, 69369, 1, Timeline 1 (Base Interface), Timeline 3 (Event Blocks), VIRAT_S_0102, 3, 3, 4, 1, 4, 2, 4, 3, 4, 2, 2, 2, 3, 4, 3, 3, 3, 2, 3, 3, 28, 70.0
146206265, 70900, 1532, Timeline 2 (Density Graph), Timeline 3 (Event Blocks), VIRAT_S_0400, 4, 2, 4, 2, 3, 2, 4, 3, 4, 2, 3, 3, 3, 3, 2, 3, 3, 2, 3, 3, 28, 70.0
146206265, 84692, 15324, Timeline 4 (Density Graph + Event Blocks), Timeline 4 (Density Graph + Event Blocks), VIRAT_S_0500, 5, 2, 4, 2, 4, 2, 4, 3, 4, 2, 4, 3, 3, 3, 3, 3, 3, 2, 3, 3, 30, 75.0
146201756, 69422, 54, Timeline 4 (Density Graph + Event Blocks), Timeline 4 (Density Graph + Event Blocks), VIRAT_S_0002, 3, 4, 2, 3, 4, 4, 2, 4, 2, 3, 2, 1, 1, 2, 3, 1, 1, 1, 1, 2, 15, 37.5
146201756, 69909, 541, Timeline 1 (Base Interface), Timeline 1 (Base Interface), VIRAT_S_0100, 1, 2, 2, 4, 2, 3, 1, 5, 2, 5, 0, 3, 1, 1, 1, 2, 0, 0, 1, 0, 9, 22.5
146201756, 69373, 5, Timeline 5 (Event Thumbnails), Timeline 5 (Event Thumbnails), VIRAT_S_0102, 4, 1, 5, 1, 5, 1, 5, 1, 5, 1, 3, 4, 4, 4, 4, 4, 4, 4, 4, 4, 39, 97.5
146201756, 74780, 5412, Timeline 2 (Density Graph), Timeline 2 (Density Graph), VIRAT_S_0400, 4, 2, 4, 2, 4, 2, 5, 2, 4, 1, 3, 3, 3, 3, 3, 3, 4, 3, 3, 4, 32, 80.0
146201756, 123491, 54123, Timeline 3 (Event Blocks), Timeline 3 (Event Blocks), VIRAT_S_0500, 5, 1, 5, 1, 5, 1, 5, 1, 5, 1, 4, 4, 4, 4, 4, 4, 4, 4, 4, 4, 40, 100.0
