Response ID, Timeline Name, Rank
149488827, Timeline 1 (Base Interface), 5
149488827, Timeline 2 (Density Graph), 4
149488827, Timeline 3 (Event Blocks), 2
149488827, Timeline 4 (Density Graph + Event Blocks), 3
149488827, Timeline 5 (Event Thumbnails), 1
149466211, Timeline 1 (Base Interface), 5
149466211, Timeline 2 (Density Graph), 4
149466211, Timeline 3 (Event Blocks), 2
149466211, Timeline 4 (Density Graph + Event Blocks), 3
149466211, Timeline 5 (Event Thumbnails), 1
149439530, Timeline 1 (Base Interface), 5
149439530, Timeline 2 (Density Graph), 4
149439530, Timeline 3 (Event Blocks), 3
149439530, Timeline 4 (Density Graph + Event Blocks), 1
149439530, Timeline 5 (Event Thumbnails), 2
149353591, Timeline 1 (Base Interface), 5
149353591, Timeline 2 (Density Graph), 4
149353591, Timeline 3 (Event Blocks), 3
149353591, Timeline 4 (Density Graph + Event Blocks), 2
149353591, Timeline 5 (Event Thumbnails), 1
149215102, Timeline 1 (Base Interface), 5
149215102, Timeline 2 (Density Graph), 4
149215102, Timeline 3 (Event Blocks), 3
149215102, Timeline 4 (Density Graph + Event Blocks), 2
149215102, Timeline 5 (Event Thumbnails), 1
149185311, Timeline 1 (Base Interface), 5
149185311, Timeline 2 (Density Graph), 4
149185311, Timeline 3 (Event Blocks), 3
149185311, Timeline 4 (Density Graph + Event Blocks), 2
149185311, Timeline 5 (Event Thumbnails), 1
149140946, Timeline 1 (Base Interface), 5
149140946, Timeline 2 (Density Graph), 1
149140946, Timeline 3 (Event Blocks), 4
149140946, Timeline 4 (Density Graph + Event Blocks), 3
149140946, Timeline 5 (Event Thumbnails), 2
149094645, Timeline 1 (Base Interface), 5
149094645, Timeline 2 (Density Graph), 4
149094645, Timeline 3 (Event Blocks), 3
149094645, Timeline 4 (Density Graph + Event Blocks), 1
149094645, Timeline 5 (Event Thumbnails), 2
148958404, Timeline 1 (Base Interface), 5
148958404, Timeline 2 (Density Graph), 3
148958404, Timeline 3 (Event Blocks), 4
148958404, Timeline 4 (Density Graph + Event Blocks), 2
148958404, Timeline 5 (Event Thumbnails), 1
148904494, Timeline 1 (Base Interface), 5
148904494, Timeline 2 (Density Graph), 4
148904494, Timeline 3 (Event Blocks), 2
148904494, Timeline 4 (Density Graph + Event Blocks), 3
148904494, Timeline 5 (Event Thumbnails), 1
148822625, Timeline 1 (Base Interface), 5
148822625, Timeline 2 (Density Graph), 3
148822625, Timeline 3 (Event Blocks), 2
148822625, Timeline 4 (Density Graph + Event Blocks), 1
148822625, Timeline 5 (Event Thumbnails), 4
148796085, Timeline 1 (Base Interface), 5
148796085, Timeline 2 (Density Graph), 3
148796085, Timeline 3 (Event Blocks), 2
148796085, Timeline 4 (Density Graph + Event Blocks), 4
148796085, Timeline 5 (Event Thumbnails), 1
148786365, Timeline 1 (Base Interface), 5
148786365, Timeline 2 (Density Graph), 4
148786365, Timeline 3 (Event Blocks), 2
148786365, Timeline 4 (Density Graph + Event Blocks), 3
148786365, Timeline 5 (Event Thumbnails), 1
148784892, Timeline 1 (Base Interface), 5
148784892, Timeline 2 (Density Graph), 4
148784892, Timeline 3 (Event Blocks), 3
148784892, Timeline 4 (Density Graph + Event Blocks), 2
148784892, Timeline 5 (Event Thumbnails), 1
148768751, Timeline 1 (Base Interface), 5
148768751, Timeline 2 (Density Graph), 3
148768751, Timeline 3 (Event Blocks), 2
148768751, Timeline 4 (Density Graph + Event Blocks), 4
148768751, Timeline 5 (Event Thumbnails), 1
148743058, Timeline 1 (Base Interface), 1
148743058, Timeline 2 (Density Graph), 3
148743058, Timeline 3 (Event Blocks), 2
148743058, Timeline 4 (Density Graph + Event Blocks), 4
148743058, Timeline 5 (Event Thumbnails), 5
148558714, Timeline 1 (Base Interface), 5
148558714, Timeline 2 (Density Graph), 4
148558714, Timeline 3 (Event Blocks), 3
148558714, Timeline 4 (Density Graph + Event Blocks), 2
148558714, Timeline 5 (Event Thumbnails), 1
148552210, Timeline 1 (Base Interface), 1
148552210, Timeline 2 (Density Graph), 3
148552210, Timeline 3 (Event Blocks), 4
148552210, Timeline 4 (Density Graph + Event Blocks), 5
148552210, Timeline 5 (Event Thumbnails), 2
148551719, Timeline 1 (Base Interface), 5
148551719, Timeline 2 (Density Graph), 4
148551719, Timeline 3 (Event Blocks), 2
148551719, Timeline 4 (Density Graph + Event Blocks), 3
148551719, Timeline 5 (Event Thumbnails), 1
148547931, Timeline 1 (Base Interface), 4
148547931, Timeline 2 (Density Graph), 3
148547931, Timeline 3 (Event Blocks), 2
148547931, Timeline 4 (Density Graph + Event Blocks), 5
148547931, Timeline 5 (Event Thumbnails), 1
148516311, Timeline 1 (Base Interface), 5
148516311, Timeline 2 (Density Graph), 4
148516311, Timeline 3 (Event Blocks), 3
148516311, Timeline 4 (Density Graph + Event Blocks), 2
148516311, Timeline 5 (Event Thumbnails), 1
148506658, Timeline 1 (Base Interface), 2
148506658, Timeline 2 (Density Graph), 4
148506658, Timeline 3 (Event Blocks), 5
148506658, Timeline 4 (Density Graph + Event Blocks), 3
148506658, Timeline 5 (Event Thumbnails), 1
148463769, Timeline 1 (Base Interface), 5
148463769, Timeline 2 (Density Graph), 4
148463769, Timeline 3 (Event Blocks), 2
148463769, Timeline 4 (Density Graph + Event Blocks), 3
148463769, Timeline 5 (Event Thumbnails), 1
148457705, Timeline 1 (Base Interface), 5
148457705, Timeline 2 (Density Graph), 3
148457705, Timeline 3 (Event Blocks), 2
148457705, Timeline 4 (Density Graph + Event Blocks), 1
148457705, Timeline 5 (Event Thumbnails), 4
148379134, Timeline 1 (Base Interface), 5
148379134, Timeline 2 (Density Graph), 4
148379134, Timeline 3 (Event Blocks), 1
148379134, Timeline 4 (Density Graph + Event Blocks), 2
148379134, Timeline 5 (Event Thumbnails), 3
148377252, Timeline 1 (Base Interface), 4
148377252, Timeline 2 (Density Graph), 5
148377252, Timeline 3 (Event Blocks), 3
148377252, Timeline 4 (Density Graph + Event Blocks), 2
148377252, Timeline 5 (Event Thumbnails), 1
148367695, Timeline 1 (Base Interface), 1
148367695, Timeline 2 (Density Graph), 4
148367695, Timeline 3 (Event Blocks), 2
148367695, Timeline 4 (Density Graph + Event Blocks), 5
148367695, Timeline 5 (Event Thumbnails), 3
148355343, Timeline 1 (Base Interface), 1
148355343, Timeline 2 (Density Graph), 5
148355343, Timeline 3 (Event Blocks), 4
148355343, Timeline 4 (Density Graph + Event Blocks), 3
148355343, Timeline 5 (Event Thumbnails), 2
148250834, Timeline 1 (Base Interface), 5
148250834, Timeline 2 (Density Graph), 4
148250834, Timeline 3 (Event Blocks), 3
148250834, Timeline 4 (Density Graph + Event Blocks), 2
148250834, Timeline 5 (Event Thumbnails), 1
148242096, Timeline 1 (Base Interface), 4
148242096, Timeline 2 (Density Graph), 5
148242096, Timeline 3 (Event Blocks), 2
148242096, Timeline 4 (Density Graph + Event Blocks), 3
148242096, Timeline 5 (Event Thumbnails), 1
148225108, Timeline 1 (Base Interface), 1
148225108, Timeline 2 (Density Graph), 2
148225108, Timeline 3 (Event Blocks), 4
148225108, Timeline 4 (Density Graph + Event Blocks), 3
148225108, Timeline 5 (Event Thumbnails), 5
148191331, Timeline 1 (Base Interface), 3
148191331, Timeline 2 (Density Graph), 2
148191331, Timeline 3 (Event Blocks), 5
148191331, Timeline 4 (Density Graph + Event Blocks), 4
148191331, Timeline 5 (Event Thumbnails), 1
148121549, Timeline 1 (Base Interface), 5
148121549, Timeline 2 (Density Graph), 3
148121549, Timeline 3 (Event Blocks), 2
148121549, Timeline 4 (Density Graph + Event Blocks), 4
148121549, Timeline 5 (Event Thumbnails), 1
148121544, Timeline 1 (Base Interface), 4
148121544, Timeline 2 (Density Graph), 3
148121544, Timeline 3 (Event Blocks), 5
148121544, Timeline 4 (Density Graph + Event Blocks), 2
148121544, Timeline 5 (Event Thumbnails), 1
148121371, Timeline 1 (Base Interface), 4
148121371, Timeline 2 (Density Graph), 3
148121371, Timeline 3 (Event Blocks), 5
148121371, Timeline 4 (Density Graph + Event Blocks), 2
148121371, Timeline 5 (Event Thumbnails), 1
148121369, Timeline 1 (Base Interface), 5
148121369, Timeline 2 (Density Graph), 4
148121369, Timeline 3 (Event Blocks), 3
148121369, Timeline 4 (Density Graph + Event Blocks), 1
148121369, Timeline 5 (Event Thumbnails), 2
148088832, Timeline 1 (Base Interface), 5
148088832, Timeline 2 (Density Graph), 4
148088832, Timeline 3 (Event Blocks), 3
148088832, Timeline 4 (Density Graph + Event Blocks), 1
148088832, Timeline 5 (Event Thumbnails), 2
148087855, Timeline 1 (Base Interface), 5
148087855, Timeline 2 (Density Graph), 4
148087855, Timeline 3 (Event Blocks), 3
148087855, Timeline 4 (Density Graph + Event Blocks), 2
148087855, Timeline 5 (Event Thumbnails), 1
148072624, Timeline 1 (Base Interface), 5
148072624, Timeline 2 (Density Graph), 4
148072624, Timeline 3 (Event Blocks), 2
148072624, Timeline 4 (Density Graph + Event Blocks), 1
148072624, Timeline 5 (Event Thumbnails), 3
148063804, Timeline 1 (Base Interface), 2
148063804, Timeline 2 (Density Graph), 1
148063804, Timeline 3 (Event Blocks), 5
148063804, Timeline 4 (Density Graph + Event Blocks), 4
148063804, Timeline 5 (Event Thumbnails), 3
148063806, Timeline 1 (Base Interface), 2
148063806, Timeline 2 (Density Graph), 1
148063806, Timeline 3 (Event Blocks), 5
148063806, Timeline 4 (Density Graph + Event Blocks), 4
148063806, Timeline 5 (Event Thumbnails), 3
148063807, Timeline 1 (Base Interface), 2
148063807, Timeline 2 (Density Graph), 1
148063807, Timeline 3 (Event Blocks), 5
148063807, Timeline 4 (Density Graph + Event Blocks), 4
148063807, Timeline 5 (Event Thumbnails), 3
148063808, Timeline 1 (Base Interface), 2
148063808, Timeline 2 (Density Graph), 1
148063808, Timeline 3 (Event Blocks), 5
148063808, Timeline 4 (Density Graph + Event Blocks), 3
148063808, Timeline 5 (Event Thumbnails), 4
148063802, Timeline 1 (Base Interface), 4
148063802, Timeline 2 (Density Graph), 2
148063802, Timeline 3 (Event Blocks), 5
148063802, Timeline 4 (Density Graph + Event Blocks), 3
148063802, Timeline 5 (Event Thumbnails), 1
148060312, Timeline 1 (Base Interface), 4
148060312, Timeline 2 (Density Graph), 5
148060312, Timeline 3 (Event Blocks), 3
148060312, Timeline 4 (Density Graph + Event Blocks), 1
148060312, Timeline 5 (Event Thumbnails), 2
148053790, Timeline 1 (Base Interface), 5
148053790, Timeline 2 (Density Graph), 4
148053790, Timeline 3 (Event Blocks), 3
148053790, Timeline 4 (Density Graph + Event Blocks), 2
148053790, Timeline 5 (Event Thumbnails), 1
147916593, Timeline 1 (Base Interface), 5
147916593, Timeline 2 (Density Graph), 4
147916593, Timeline 3 (Event Blocks), 3
147916593, Timeline 4 (Density Graph + Event Blocks), 1
147916593, Timeline 5 (Event Thumbnails), 2
147914321, Timeline 1 (Base Interface), 3
147914321, Timeline 2 (Density Graph), 5
147914321, Timeline 3 (Event Blocks), 2
147914321, Timeline 4 (Density Graph + Event Blocks), 4
147914321, Timeline 5 (Event Thumbnails), 1
147906122, Timeline 1 (Base Interface), 4
147906122, Timeline 2 (Density Graph), 2
147906122, Timeline 3 (Event Blocks), 3
147906122, Timeline 4 (Density Graph + Event Blocks), 5
147906122, Timeline 5 (Event Thumbnails), 1
147842712, Timeline 1 (Base Interface), 5
147842712, Timeline 2 (Density Graph), 2
147842712, Timeline 3 (Event Blocks), 1
147842712, Timeline 4 (Density Graph + Event Blocks), 3
147842712, Timeline 5 (Event Thumbnails), 4
147753370, Timeline 1 (Base Interface), 5
147753370, Timeline 2 (Density Graph), 4
147753370, Timeline 3 (Event Blocks), 3
147753370, Timeline 4 (Density Graph + Event Blocks), 2
147753370, Timeline 5 (Event Thumbnails), 1
147752820, Timeline 1 (Base Interface), 5
147752820, Timeline 2 (Density Graph), 4
147752820, Timeline 3 (Event Blocks), 3
147752820, Timeline 4 (Density Graph + Event Blocks), 2
147752820, Timeline 5 (Event Thumbnails), 1
147653631, Timeline 1 (Base Interface), 5
147653631, Timeline 2 (Density Graph), 4
147653631, Timeline 3 (Event Blocks), 3
147653631, Timeline 4 (Density Graph + Event Blocks), 2
147653631, Timeline 5 (Event Thumbnails), 1
147558243, Timeline 1 (Base Interface), 2
147558243, Timeline 2 (Density Graph), 5
147558243, Timeline 3 (Event Blocks), 4
147558243, Timeline 4 (Density Graph + Event Blocks), 3
147558243, Timeline 5 (Event Thumbnails), 1
147494993, Timeline 1 (Base Interface), 4
147494993, Timeline 2 (Density Graph), 1
147494993, Timeline 3 (Event Blocks), 2
147494993, Timeline 4 (Density Graph + Event Blocks), 5
147494993, Timeline 5 (Event Thumbnails), 3
147430481, Timeline 1 (Base Interface), 2
147430481, Timeline 2 (Density Graph), 4
147430481, Timeline 3 (Event Blocks), 3
147430481, Timeline 4 (Density Graph + Event Blocks), 1
147430481, Timeline 5 (Event Thumbnails), 5
147340531, Timeline 1 (Base Interface), 5
147340531, Timeline 2 (Density Graph), 4
147340531, Timeline 3 (Event Blocks), 3
147340531, Timeline 4 (Density Graph + Event Blocks), 2
147340531, Timeline 5 (Event Thumbnails), 1
147328880, Timeline 1 (Base Interface), 5
147328880, Timeline 2 (Density Graph), 4
147328880, Timeline 3 (Event Blocks), 3
147328880, Timeline 4 (Density Graph + Event Blocks), 1
147328880, Timeline 5 (Event Thumbnails), 2
147308681, Timeline 1 (Base Interface), 5
147308681, Timeline 2 (Density Graph), 4
147308681, Timeline 3 (Event Blocks), 2
147308681, Timeline 4 (Density Graph + Event Blocks), 3
147308681, Timeline 5 (Event Thumbnails), 1
147307347, Timeline 1 (Base Interface), 4
147307347, Timeline 2 (Density Graph), 5
147307347, Timeline 3 (Event Blocks), 1
147307347, Timeline 4 (Density Graph + Event Blocks), 3
147307347, Timeline 5 (Event Thumbnails), 2
147183355, Timeline 1 (Base Interface), 5
147183355, Timeline 2 (Density Graph), 4
147183355, Timeline 3 (Event Blocks), 2
147183355, Timeline 4 (Density Graph + Event Blocks), 3
147183355, Timeline 5 (Event Thumbnails), 1
147051997, Timeline 1 (Base Interface), 5
147051997, Timeline 2 (Density Graph), 2
147051997, Timeline 3 (Event Blocks), 3
147051997, Timeline 4 (Density Graph + Event Blocks), 1
147051997, Timeline 5 (Event Thumbnails), 4
147004721, Timeline 1 (Base Interface), 4
147004721, Timeline 2 (Density Graph), 2
147004721, Timeline 3 (Event Blocks), 3
147004721, Timeline 4 (Density Graph + Event Blocks), 1
147004721, Timeline 5 (Event Thumbnails), 5
147001785, Timeline 1 (Base Interface), 5
147001785, Timeline 2 (Density Graph), 4
147001785, Timeline 3 (Event Blocks), 3
147001785, Timeline 4 (Density Graph + Event Blocks), 1
147001785, Timeline 5 (Event Thumbnails), 2
146975493, Timeline 1 (Base Interface), 5
146975493, Timeline 2 (Density Graph), 2
146975493, Timeline 3 (Event Blocks), 4
146975493, Timeline 4 (Density Graph + Event Blocks), 3
146975493, Timeline 5 (Event Thumbnails), 1
146975491, Timeline 1 (Base Interface), 3
146975491, Timeline 2 (Density Graph), 1
146975491, Timeline 3 (Event Blocks), 2
146975491, Timeline 4 (Density Graph + Event Blocks), 5
146975491, Timeline 5 (Event Thumbnails), 4
146972571, Timeline 1 (Base Interface), 5
146972571, Timeline 2 (Density Graph), 4
146972571, Timeline 3 (Event Blocks), 3
146972571, Timeline 4 (Density Graph + Event Blocks), 2
146972571, Timeline 5 (Event Thumbnails), 1
146948076, Timeline 1 (Base Interface), 5
146948076, Timeline 2 (Density Graph), 4
146948076, Timeline 3 (Event Blocks), 2
146948076, Timeline 4 (Density Graph + Event Blocks), 3
146948076, Timeline 5 (Event Thumbnails), 1
146944030, Timeline 1 (Base Interface), 4
146944030, Timeline 2 (Density Graph), 2
146944030, Timeline 3 (Event Blocks), 1
146944030, Timeline 4 (Density Graph + Event Blocks), 3
146944030, Timeline 5 (Event Thumbnails), 5
146941069, Timeline 1 (Base Interface), 5
146941069, Timeline 2 (Density Graph), 4
146941069, Timeline 3 (Event Blocks), 3
146941069, Timeline 4 (Density Graph + Event Blocks), 2
146941069, Timeline 5 (Event Thumbnails), 1
146933121, Timeline 1 (Base Interface), 5
146933121, Timeline 2 (Density Graph), 4
146933121, Timeline 3 (Event Blocks), 3
146933121, Timeline 4 (Density Graph + Event Blocks), 1
146933121, Timeline 5 (Event Thumbnails), 2
146919962, Timeline 1 (Base Interface), 5
146919962, Timeline 2 (Density Graph), 3
146919962, Timeline 3 (Event Blocks), 2
146919962, Timeline 4 (Density Graph + Event Blocks), 4
146919962, Timeline 5 (Event Thumbnails), 1
146859309, Timeline 1 (Base Interface), 3
146859309, Timeline 2 (Density Graph), 1
146859309, Timeline 3 (Event Blocks), 2
146859309, Timeline 4 (Density Graph + Event Blocks), 4
146859309, Timeline 5 (Event Thumbnails), 5
146816020, Timeline 1 (Base Interface), 5
146816020, Timeline 2 (Density Graph), 3
146816020, Timeline 3 (Event Blocks), 2
146816020, Timeline 4 (Density Graph + Event Blocks), 1
146816020, Timeline 5 (Event Thumbnails), 4
146772938, Timeline 1 (Base Interface), 5
146772938, Timeline 2 (Density Graph), 4
146772938, Timeline 3 (Event Blocks), 3
146772938, Timeline 4 (Density Graph + Event Blocks), 2
146772938, Timeline 5 (Event Thumbnails), 1
146771812, Timeline 1 (Base Interface), 5
146771812, Timeline 2 (Density Graph), 4
146771812, Timeline 3 (Event Blocks), 2
146771812, Timeline 4 (Density Graph + Event Blocks), 3
146771812, Timeline 5 (Event Thumbnails), 1
146559166, Timeline 1 (Base Interface), 3
146559166, Timeline 2 (Density Graph), 5
146559166, Timeline 3 (Event Blocks), 4
146559166, Timeline 4 (Density Graph + Event Blocks), 2
146559166, Timeline 5 (Event Thumbnails), 1
146511990, Timeline 1 (Base Interface), 3
146511990, Timeline 2 (Density Graph), 5
146511990, Timeline 3 (Event Blocks), 4
146511990, Timeline 4 (Density Graph + Event Blocks), 1
146511990, Timeline 5 (Event Thumbnails), 2
146490541, Timeline 1 (Base Interface), 5
146490541, Timeline 2 (Density Graph), 4
146490541, Timeline 3 (Event Blocks), 3
146490541, Timeline 4 (Density Graph + Event Blocks), 2
146490541, Timeline 5 (Event Thumbnails), 1
146489341, Timeline 1 (Base Interface), 2
146489341, Timeline 2 (Density Graph), 5
146489341, Timeline 3 (Event Blocks), 1
146489341, Timeline 4 (Density Graph + Event Blocks), 3
146489341, Timeline 5 (Event Thumbnails), 4
146445266, Timeline 1 (Base Interface), 5
146445266, Timeline 2 (Density Graph), 4
146445266, Timeline 3 (Event Blocks), 2
146445266, Timeline 4 (Density Graph + Event Blocks), 1
146445266, Timeline 5 (Event Thumbnails), 3
146411777, Timeline 1 (Base Interface), 5
146411777, Timeline 2 (Density Graph), 4
146411777, Timeline 3 (Event Blocks), 2
146411777, Timeline 4 (Density Graph + Event Blocks), 1
146411777, Timeline 5 (Event Thumbnails), 3
146400674, Timeline 1 (Base Interface), 4
146400674, Timeline 2 (Density Graph), 5
146400674, Timeline 3 (Event Blocks), 3
146400674, Timeline 4 (Density Graph + Event Blocks), 1
146400674, Timeline 5 (Event Thumbnails), 2
146320716, Timeline 1 (Base Interface), 5
146320716, Timeline 2 (Density Graph), 4
146320716, Timeline 3 (Event Blocks), 2
146320716, Timeline 4 (Density Graph + Event Blocks), 3
146320716, Timeline 5 (Event Thumbnails), 1
146313793, Timeline 1 (Base Interface), 5
146313793, Timeline 2 (Density Graph), 3
146313793, Timeline 3 (Event Blocks), 2
146313793, Timeline 4 (Density Graph + Event Blocks), 4
146313793, Timeline 5 (Event Thumbnails), 1
146303457, Timeline 1 (Base Interface), 5
146303457, Timeline 2 (Density Graph), 4
146303457, Timeline 3 (Event Blocks), 3
146303457, Timeline 4 (Density Graph + Event Blocks), 1
146303457, Timeline 5 (Event Thumbnails), 2
146284478, Timeline 1 (Base Interface), 5
146284478, Timeline 2 (Density Graph), 4
146284478, Timeline 3 (Event Blocks), 3
146284478, Timeline 4 (Density Graph + Event Blocks), 2
146284478, Timeline 5 (Event Thumbnails), 1
146273701, Timeline 1 (Base Interface), 2
146273701, Timeline 2 (Density Graph), 1
146273701, Timeline 3 (Event Blocks), 3
146273701, Timeline 4 (Density Graph + Event Blocks), 4
146273701, Timeline 5 (Event Thumbnails), 5
146269551, Timeline 1 (Base Interface), 4
146269551, Timeline 2 (Density Graph), 3
146269551, Timeline 3 (Event Blocks), 1
146269551, Timeline 4 (Density Graph + Event Blocks), 2
146269551, Timeline 5 (Event Thumbnails), 5
146266265, Timeline 1 (Base Interface), 5
146266265, Timeline 2 (Density Graph), 2
146266265, Timeline 3 (Event Blocks), 4
146266265, Timeline 4 (Density Graph + Event Blocks), 3
146266265, Timeline 5 (Event Thumbnails), 1
146264656, Timeline 1 (Base Interface), 4
146264656, Timeline 2 (Density Graph), 2
146264656, Timeline 3 (Event Blocks), 1
146264656, Timeline 4 (Density Graph + Event Blocks), 3
146264656, Timeline 5 (Event Thumbnails), 5
146243771, Timeline 1 (Base Interface), 5
146243771, Timeline 2 (Density Graph), 4
146243771, Timeline 3 (Event Blocks), 2
146243771, Timeline 4 (Density Graph + Event Blocks), 3
146243771, Timeline 5 (Event Thumbnails), 1
146217689, Timeline 1 (Base Interface), 5
146217689, Timeline 2 (Density Graph), 4
146217689, Timeline 3 (Event Blocks), 3
146217689, Timeline 4 (Density Graph + Event Blocks), 2
146217689, Timeline 5 (Event Thumbnails), 1
146210319, Timeline 1 (Base Interface), 5
146210319, Timeline 2 (Density Graph), 1
146210319, Timeline 3 (Event Blocks), 3
146210319, Timeline 4 (Density Graph + Event Blocks), 4
146210319, Timeline 5 (Event Thumbnails), 2
146209612, Timeline 1 (Base Interface), 2
146209612, Timeline 2 (Density Graph), 4
146209612, Timeline 3 (Event Blocks), 5
146209612, Timeline 4 (Density Graph + Event Blocks), 3
146209612, Timeline 5 (Event Thumbnails), 1
146208061, Timeline 1 (Base Interface), 4
146208061, Timeline 2 (Density Graph), 5
146208061, Timeline 3 (Event Blocks), 2
146208061, Timeline 4 (Density Graph + Event Blocks), 1
146208061, Timeline 5 (Event Thumbnails), 3
146207901, Timeline 1 (Base Interface), 5
146207901, Timeline 2 (Density Graph), 4
146207901, Timeline 3 (Event Blocks), 2
146207901, Timeline 4 (Density Graph + Event Blocks), 1
146207901, Timeline 5 (Event Thumbnails), 3
146206265, Timeline 1 (Base Interface), 4
146206265, Timeline 2 (Density Graph), 3
146206265, Timeline 3 (Event Blocks), 5
146206265, Timeline 4 (Density Graph + Event Blocks), 2
146206265, Timeline 5 (Event Thumbnails), 1
146201756, Timeline 1 (Base Interface), 5
146201756, Timeline 2 (Density Graph), 3
146201756, Timeline 3 (Event Blocks), 2
146201756, Timeline 4 (Density Graph + Event Blocks), 4
146201756, Timeline 5 (Event Thumbnails), 1
